diagnostic_run_id,plant_ecwt_run_id,station_id,station_name,station_state,station_country,station_first_observation_utc,station_last_observation_utc,impacted_blocked_plant_count,min_candidate_rank_order,min_candidate_distance_km,sample_blocked_plants,fixed_expected_djf_hours,fixed_valid_djf_hours,fixed_missing_djf_hours,fixed_coverage_ratio,plant_weighted_missing_djf_hours,missing_station_year_count,complete_loaded_year_count,partial_loaded_year_count,empty_loaded_year_count,outside_station_metadata_window_year_count,terminal_aws_missing_year_count,retryable_download_failure_year_count,downloaded_no_canonical_djf_year_count,available_raw_not_loaded_year_count,raw_inventory_missing_year_count,no_download_or_manifest_evidence_year_count,top_gap_years
fixed_period_gap_causes_20260625T123832Z,plant_ecwt_provisional_fixed_period_20260625T121752Z,999999-53151,FALLBROOK 5 NE,CA,US,2008-04-29 17:00:00-07,2025-08-27 17:00:00-07,499,22,60.797,Venice Hydro | AES Alamitos LLC | Sepulveda Canyon | Fontana | Long Beach Generation LLC | Ormond Beach | Mountainview Generating Station | Magnolia,56328,36737,19591,0.652198,9775909,16,6,2,0,8,0,0,0,0,0,0,2004:outside_station_metadata_window:2184h; 2000:outside_station_metadata_window:2184h; 2007:outside_station_metadata_window:2160h; 2006:outside_station_metadata_window:2160h; 2005:outside_station_metadata_window:2160h; 2003:outside_station_metadata_window:2160h; 2002:outside_station_metadata_window:2160h; 2001:outside_station_metadata_window:2160h
fixed_period_gap_causes_20260625T123832Z,plant_ecwt_provisional_fixed_period_20260625T121752Z,999999-03758,DURHAM 11 W,NC,US,2007-03-28 17:00:00-07,2025-08-27 17:00:00-07,559,1,4.716,Butler-Warner Generation Plant | Blewett | Cape Fear | HF Lee Plant | Tillery | Buck | Roanoke Rapids | Harris,56328,38961,17367,0.691681,9708153,13,4,2,0,7,0,0,0,0,0,0,2004:outside_station_metadata_window:2184h; 2000:outside_station_metadata_window:2184h; 2006:outside_station_metadata_window:2160h; 2005:outside_station_metadata_window:2160h; 2003:outside_station_metadata_window:2160h; 2002:outside_station_metadata_window:2160h; 2001:outside_station_metadata_window:2160h; 2007:partial_loaded:1425h
fixed_period_gap_causes_20260625T123832Z,plant_ecwt_provisional_fixed_period_20260625T121752Z,999999-93243,MERCED 23 WSW,CA,US,2004-03-24 16:00:00-08,2025-08-27 17:00:00-07,645,1,14.672,McClure | Turlock Lake | Hickman | Angels | Chili Bar | El Dorado | Electra | Hunters Point,56328,42778,13550,0.759445,8739750,13,5,3,0,4,1,0,0,0,0,0,2000:outside_station_metadata_window:2184h; 2006:terminal_aws_missing:2160h; 2003:outside_station_metadata_window:2160h; 2002:outside_station_metadata_window:2160h; 2001:outside_station_metadata_window:2160h; 2004:partial_loaded:1440h; 2025:partial_loaded:744h; 2009:partial_loaded:471h
fixed_period_gap_causes_20260625T123832Z,plant_ecwt_provisional_fixed_period_20260625T121752Z,999999-54932,SANDSTONE 6 W,MN,US,2007-06-21 17:00:00-07,2025-08-27 17:00:00-07,381,5,34.353,Blanchard | Little Falls (MN) | Pillager | Sylvan | Black Dog | Granite City | Hennepin Island | High Bridge,56328,37985,18343,0.674354,6988683,15,4,4,0,7,0,0,0,0,0,0,2004:outside_station_metadata_window:2184h; 2000:outside_station_metadata_window:2184h; 2006:outside_station_metadata_window:2160h; 2005:outside_station_metadata_window:2160h; 2003:outside_station_metadata_window:2160h; 2002:outside_station_metadata_window:2160h; 2001:outside_station_metadata_window:2160h; 2007:partial_loaded:1475h
fixed_period_gap_causes_20260625T123832Z,plant_ecwt_provisional_fixed_period_20260625T121752Z,999999-64756,MILLBROOK 3 W,NY,US,2004-10-31 16:00:00-08,2025-08-27 17:00:00-07,577,1,9.360,"Rocky River (CT) | Bulls Bridge | Cos Cob | New Milford Gas Recovery | Waterside Power, LLC | Norden 1-3 | Kimberly Clark-Unit 1,2,3 | Norwalk Hospital Plant",56328,45447,10881,0.806828,6278337,12,6,2,0,4,0,0,0,0,0,0,2000:outside_station_metadata_window:2184h; 2003:outside_station_metadata_window:2160h; 2002:outside_station_metadata_window:2160h; 2001:outside_station_metadata_window:2160h; 2004:partial_loaded:1440h; 2025:partial_loaded:744h; 2024:complete_loaded:19h; 2007:complete_loaded:10h
fixed_period_gap_causes_20260625T123832Z,plant_ecwt_provisional_fixed_period_20260625T121752Z,999999-54811,SHABBONA 5 NNE,IL,US,2003-08-15 17:00:00-07,2025-08-27 17:00:00-07,663,1,7.445,Dubuque | Milton L Kapp | Sixth Street | Iowa Hydro LLC | Prairie Creek | Coralville GT | Riverside | Burlington (IA),56328,46892,9436,0.832481,6256068,12,6,3,0,3,0,0,0,0,0,0,2000:outside_station_metadata_window:2184h; 2002:outside_station_metadata_window:2160h; 2001:outside_station_metadata_window:2160h; 2003:partial_loaded:1416h; 2025:partial_loaded:744h; 2022:partial_loaded:744h; 2024:complete_loaded:20h; 2011:complete_loaded:2h
fixed_period_gap_causes_20260625T123832Z,plant_ecwt_provisional_fixed_period_20260625T121752Z,999999-53139,STOVEPIPE WELLS 1 SW,CA,US,2004-05-03 17:00:00-07,2025-08-27 17:00:00-07,449,1,58.625,Big Creek Solar LLC | Davis Dam | Griffith Energy LLC | South Point Energy Center | Black Mountain Generating Station | La Senita | Kingman 1 | Black Mountain Solar LLC,56328,45395,10933,0.805905,4908917,15,9,2,0,4,0,0,0,0,0,0,2000:outside_station_metadata_window:2184h; 2003:outside_station_metadata_window:2160h; 2002:outside_station_metadata_window:2160h; 2001:outside_station_metadata_window:2160h; 2004:partial_loaded:1440h; 2025:partial_loaded:744h; 2010:complete_loaded:45h; 2024:complete_loaded:21h
fixed_period_gap_causes_20260625T123832Z,plant_ecwt_provisional_fixed_period_20260625T121752Z,999999-53968,PALESTINE 6 WNW,TX,US,2003-05-24 17:00:00-07,2025-08-27 17:00:00-07,355,1,10.363,Limestone | Lewisville | Lake Hubbard | Mountain Creek | North Lake | Parkdale | Lewis Creek | T H Wharton,56328,45210,11118,0.802620,3946890,23,17,2,0,3,1,0,0,0,0,0,2000:outside_station_metadata_window:2184h; 2006:terminal_aws_missing:2160h; 2002:outside_station_metadata_window:2160h; 2001:outside_station_metadata_window:2160h; 2003:partial_loaded:1416h; 2025:partial_loaded:744h; 2011:complete_loaded:86h; 2008:complete_loaded:85h
fixed_period_gap_causes_20260625T123832Z,plant_ecwt_provisional_fixed_period_20260625T121752Z,999999-03761,AVONDALE 2 N,PA,US,2006-06-01 17:00:00-07,2025-08-27 17:00:00-07,225,24,55.359,Cedar Station | Missouri Avenue | Oyster Creek | Sayreville | Gilbert | PSEG Burlington Generating Station | Forked River | Sayreville Cogeneration Facility,56328,39702,16626,0.704836,3740850,20,9,5,0,6,0,0,0,0,0,0,2004:outside_station_metadata_window:2184h; 2000:outside_station_metadata_window:2184h; 2005:outside_station_metadata_window:2160h; 2003:outside_station_metadata_window:2160h; 2002:outside_station_metadata_window:2160h; 2001:outside_station_metadata_window:2160h; 2006:partial_loaded:1416h; 2025:partial_loaded:744h
fixed_period_gap_causes_20260625T123832Z,plant_ecwt_provisional_fixed_period_20260625T121752Z,745944-93784,BALTIMORE DOWNTOWN,MD,US,1999-01-01 16:00:00-08,2025-08-26 17:00:00-07,632,1,1.041,"US GSA Heating and Transmission | Walt Bailey Bioenergy Facility | JBAB - Washington DC | Nationals | AOC, Capitol Power Plant | IGS CC, LLC | Ross Hall Central Utility Plant | DC Water Solar",56328,50611,5717,0.898505,3613144,20,15,4,0,0,1,0,0,0,0,0,2021:terminal_aws_missing:2160h; 2022:partial_loaded:1515h; 2025:partial_loaded:856h; 2020:partial_loaded:744h; 2019:partial_loaded:121h; 2023:complete_loaded:96h; 2018:complete_loaded:48h; 2001:complete_loaded:42h
fixed_period_gap_causes_20260625T123832Z,plant_ecwt_provisional_fixed_period_20260625T121752Z,999999-03047,MONAHANS 6 ENE,TX,US,2003-05-20 17:00:00-07,2025-08-27 17:00:00-07,317,1,12.991,Roadrunner Reserve Phase 2 | Maddox | Carlsbad | Cunningham | San Juan Mesa Wind Project LLC | Hobbs Generating Station | Alamogordo Solar Energy Center | SPS1 Dollarhide,56328,45322,11006,0.804609,3488902,19,13,2,0,3,1,0,0,0,0,0,2000:outside_station_metadata_window:2184h; 2006:terminal_aws_missing:2160h; 2002:outside_station_metadata_window:2160h; 2001:outside_station_metadata_window:2160h; 2003:partial_loaded:1419h; 2025:partial_loaded:744h; 2017:complete_loaded:92h; 2021:complete_loaded:23h
fixed_period_gap_causes_20260625T123832Z,plant_ecwt_provisional_fixed_period_20260625T121752Z,999999-54794,DURHAM 2 N,NH,US,2001-12-15 16:00:00-08,2025-08-27 17:00:00-07,638,2,3.976,Northfield Mountain | Exelon Edgar LLC | Exelon Framingham LLC | Exelon L Street | Mystic Generating Station | New Boston Generating Station | Exelon Medway LLC | Kendall Square Station,56328,51508,4820,0.914430,3075160,11,8,2,0,1,0,0,0,0,0,0,2000:outside_station_metadata_window:2184h; 2001:partial_loaded:1820h; 2025:partial_loaded:744h; 2002:complete_loaded:41h; 2024:complete_loaded:18h; 2004:complete_loaded:5h; 2005:complete_loaded:3h; 2007:complete_loaded:2h
fixed_period_gap_causes_20260625T123832Z,plant_ecwt_provisional_fixed_period_20260625T121752Z,999999-04990,SIOUX FALLS 14 NNE,SD,US,2002-07-27 17:00:00-07,2025-08-27 17:00:00-07,334,2,14.666,Algona | Bancroft | Estherville | Graettinger | Lake Park | Laurens | Milford | Primghar,56328,47623,8705,0.845459,2907470,9,4,2,0,2,1,0,0,0,0,0,2000:outside_station_metadata_window:2184h; 2006:terminal_aws_missing:2160h; 2001:outside_station_metadata_window:2160h; 2002:partial_loaded:1416h; 2025:partial_loaded:744h; 2024:complete_loaded:18h; 2007:complete_loaded:15h; 2005:complete_loaded:6h
fixed_period_gap_causes_20260625T123832Z,plant_ecwt_provisional_fixed_period_20260625T121752Z,999999-04222,REDDING 12 WNW,CA,US,2003-03-25 16:00:00-08,2025-08-27 17:00:00-07,297,1,1.745,Rollins | Volta 2 | Alta Powerhouse | Belden | Bucks Creek | Butt Valley | Caribou 1 | Caribou 2,56328,46980,9348,0.834043,2776356,12,5,4,0,3,0,0,0,0,0,0,2000:outside_station_metadata_window:2184h; 2002:outside_station_metadata_window:2160h; 2001:outside_station_metadata_window:2160h; 2003:partial_loaded:1516h; 2025:partial_loaded:744h; 2005:partial_loaded:220h; 2006:partial_loaded:192h; 2004:complete_loaded:83h
fixed_period_gap_causes_20260625T123832Z,plant_ecwt_provisional_fixed_period_20260625T121752Z,999999-54808,CHAMPAIGN 9 SW,IL,US,2002-12-19 16:00:00-08,2025-08-27 17:00:00-07,254,2,27.239,Keokuk | Roquette America | Coffeen | Kincaid Generation LLC | Baldwin Energy Complex | Stallings | Wood River | Venice,56328,45526,10802,0.808230,2743708,12,5,4,0,2,1,0,0,0,0,0,2000:outside_station_metadata_window:2184h; 2006:terminal_aws_missing:2160h; 2001:outside_station_metadata_window:2160h; 2002:partial_loaded:1918h; 2019:partial_loaded:862h; 2025:partial_loaded:744h; 2018:partial_loaded:744h; 2024:complete_loaded:18h
fixed_period_gap_causes_20260625T123832Z,plant_ecwt_provisional_fixed_period_20260625T121752Z,999999-94074,NUNN 7 NNE,CO,US,2003-07-05 17:00:00-07,2025-08-27 17:00:00-07,312,1,21.052,Arapahoe | Boulder Canyon Hydro | Cabin Creek | Cherokee | Georgetown Hydro | Shoshone (CO) | Valmont | Zuni,56328,47637,8691,0.845707,2711592,10,5,2,0,3,0,0,0,0,0,0,2000:outside_station_metadata_window:2184h; 2002:outside_station_metadata_window:2160h; 2001:outside_station_metadata_window:2160h; 2003:partial_loaded:1418h; 2025:partial_loaded:744h; 2024:complete_loaded:18h; 2007:complete_loaded:2h; 2005:complete_loaded:2h
fixed_period_gap_causes_20260625T123832Z,plant_ecwt_provisional_fixed_period_20260625T121752Z,999999-54797,KINGSTON 1 W,RI,US,2001-12-15 16:00:00-08,2025-08-27 17:00:00-07,426,1,2.366,Branford | Devon Station | Montville Station | Scotland Dam | Shepaug | Stevenson | Taftville | Tunnel,56328,49964,6364,0.887019,2711064,14,9,4,0,1,0,0,0,0,0,0,2000:outside_station_metadata_window:2184h; 2001:partial_loaded:1823h; 2023:partial_loaded:786h; 2025:partial_loaded:744h; 2022:partial_loaded:744h; 2002:complete_loaded:24h; 2003:complete_loaded:21h; 2024:complete_loaded:18h
fixed_period_gap_causes_20260625T123832Z,plant_ecwt_provisional_fixed_period_20260625T121752Z,994110-99999,PORT ARANSAS  TX,,US,1985-04-30 17:00:00-07,2025-08-23 17:00:00-07,206,10,19.883,Nueces Bay | Victoria | Abbott TP 3 | Dunlap TP 1 | H 4 | H 5 | Nolte | TP 4,56328,43226,13102,0.767398,2699012,26,14,8,0,0,4,0,0,0,0,0,2016:terminal_aws_missing:2184h; 2007:terminal_aws_missing:2160h; 2006:terminal_aws_missing:2160h; 2005:terminal_aws_missing:2160h; 2018:partial_loaded:1416h; 2025:partial_loaded:780h; 2017:partial_loaded:756h; 2011:partial_loaded:456h
fixed_period_gap_causes_20260625T123832Z,plant_ecwt_provisional_fixed_period_20260625T121752Z,999999-53878,ASHEVILLE 13 S,NC,US,2000-11-20 16:00:00-08,2025-08-27 17:00:00-07,306,1,6.173,Burton Dam | Nacoochee | Tallulah Falls | Terrora | Tugalo | Yonah | Blue Ridge | Nottely,56328,47616,8712,0.845334,2665872,12,7,2,1,0,2,0,0,0,0,0,2000:empty_loaded:2184h; 2007:terminal_aws_missing:2160h; 2006:terminal_aws_missing:2160h; 2001:partial_loaded:1423h; 2025:partial_loaded:744h; 2024:complete_loaded:20h; 2005:complete_loaded:10h; 2017:complete_loaded:4h
fixed_period_gap_causes_20260625T123832Z,plant_ecwt_provisional_fixed_period_20260625T121752Z,999999-94996,LINCOLN 11 SW,NE,US,2002-01-13 16:00:00-08,2025-08-27 17:00:00-07,310,1,10.282,Walter Scott Jr Energy Center | George Neal North | Anita | Atlantic | Corning | Greenfield Light Plant | Harlan | Lenox,56328,48646,7682,0.863620,2381420,11,6,2,0,2,1,0,0,0,0,0,2000:outside_station_metadata_window:2184h; 2006:terminal_aws_missing:2160h; 2001:outside_station_metadata_window:2160h; 2025:partial_loaded:744h; 2002:partial_loaded:401h; 2024:complete_loaded:18h; 2019:complete_loaded:9h; 2005:complete_loaded:2h
fixed_period_gap_causes_20260625T123832Z,plant_ecwt_provisional_fixed_period_20260625T121752Z,999999-53926,STILLWATER 2 W,OK,US,2002-03-11 16:00:00-08,2025-08-27 17:00:00-07,262,1,3.530,Flint Creek | Ellis Hydro | Lee Creek Water Treatment Facility | Genova Arkansas I LLC | Harry D Mattison Gas Plant | Waste Management Eco Vista LFGTE | UA Central Utility Plant | Ozarks Natural Energy Community Solar,56328,47559,8769,0.844323,2297478,12,7,2,0,2,1,0,0,0,0,0,2000:outside_station_metadata_window:2184h; 2006:terminal_aws_missing:2160h; 2001:outside_station_metadata_window:2160h; 2002:partial_loaded:1476h; 2025:partial_loaded:744h; 2024:complete_loaded:18h; 2004:complete_loaded:11h; 2020:complete_loaded:8h
fixed_period_gap_causes_20260625T123832Z,plant_ecwt_provisional_fixed_period_20260625T121752Z,994260-99999,SABINE  TX,,US,1985-04-30 17:00:00-07,2024-06-06 17:00:00-07,139,4,37.210,Cedar Bayou | Greens Bayou | P H Robinson | Sam Bertron | W A Parish | Webster | San Jacinto Steam Electric Station | Power Island,56328,39860,16468,0.707641,2289052,25,11,9,0,1,4,0,0,0,0,0,2016:terminal_aws_missing:2184h; 2025:outside_station_metadata_window:2160h; 2007:terminal_aws_missing:2160h; 2006:terminal_aws_missing:2160h; 2005:terminal_aws_missing:2160h; 2009:partial_loaded:1416h; 2008:partial_loaded:1069h; 2024:partial_loaded:761h
fixed_period_gap_causes_20260625T123832Z,plant_ecwt_provisional_fixed_period_20260625T121752Z,999999-92827,SEBRING 23 SSE,FL,US,2007-12-07 16:00:00-08,2025-08-27 17:00:00-07,128,1,13.192,Fort Myers | Avon Park | Bayboro | Higgins | P L Bartow | Big Bend | F J Gannon | Hookers Point,56328,38737,17591,0.687704,2251648,21,12,2,0,7,0,0,0,0,0,0,2004:outside_station_metadata_window:2184h; 2000:outside_station_metadata_window:2184h; 2006:outside_station_metadata_window:2160h; 2005:outside_station_metadata_window:2160h; 2003:outside_station_metadata_window:2160h; 2002:outside_station_metadata_window:2160h; 2001:outside_station_metadata_window:2160h; 2007:partial_loaded:1607h
fixed_period_gap_causes_20260625T123832Z,plant_ecwt_provisional_fixed_period_20260625T121752Z,999999-54902,DES MOINES 17 E,IA,US,2004-09-14 17:00:00-07,2025-08-27 17:00:00-07,188,1,7.462,Ames Diesel Generating Station | Marshalltown | Sutherland | River Hills | Merl Parr | Centerville | Ames Electric Services Power Plant | Bloomfield,56328,45444,10884,0.806775,2046192,10,4,2,0,4,0,0,0,0,0,0,2000:outside_station_metadata_window:2184h; 2003:outside_station_metadata_window:2160h; 2002:outside_station_metadata_window:2160h; 2001:outside_station_metadata_window:2160h; 2004:partial_loaded:1440h; 2025:partial_loaded:744h; 2024:complete_loaded:22h; 2023:complete_loaded:7h
fixed_period_gap_causes_20260625T123832Z,plant_ecwt_provisional_fixed_period_20260625T121752Z,999999-04128,RILEY 10 WSW,OR,US,2003-07-02 17:00:00-07,2025-08-27 17:00:00-07,182,4,126.344,Powerdale | Faraday | North Fork | Pelton | River Mill | Round Butte | Carmen Smith | Leaburg,56328,45479,10849,0.807396,1974518,10,4,2,0,3,1,0,0,0,0,0,2000:outside_station_metadata_window:2184h; 2006:terminal_aws_missing:2160h; 2002:outside_station_metadata_window:2160h; 2001:outside_station_metadata_window:2160h; 2003:partial_loaded:1416h; 2025:partial_loaded:744h; 2024:complete_loaded:18h; 2004:complete_loaded:4h
fixed_period_gap_causes_20260625T123832Z,plant_ecwt_provisional_fixed_period_20260625T121752Z,999999-03759,CHARLOTTESVILLE 2 SSE,VA,US,2007-03-28 17:00:00-07,2025-08-27 17:00:00-07,107,4,68.568,Roxboro | Dan River | Gaston | Mayo | PCIP Solar | Warrenton Farm | Roxboro Farm | Yanceyville Farm,56328,38970,17358,0.691841,1857306,12,3,2,0,7,0,0,0,0,0,0,2004:outside_station_metadata_window:2184h; 2000:outside_station_metadata_window:2184h; 2006:outside_station_metadata_window:2160h; 2005:outside_station_metadata_window:2160h; 2003:outside_station_metadata_window:2160h; 2002:outside_station_metadata_window:2160h; 2001:outside_station_metadata_window:2160h; 2007:partial_loaded:1416h
fixed_period_gap_causes_20260625T123832Z,plant_ecwt_provisional_fixed_period_20260625T121752Z,999999-54903,NECEDAH 5 WNW,WI,US,2004-09-30 17:00:00-07,2025-08-27 17:00:00-07,164,5,55.230,Lansing | Prairie Island | Red Wing | Lanesboro | Preston (MN) | Rochester Hydro | Silver Lake | Spring Valley,56328,45142,11186,0.801413,1834504,12,4,4,0,4,0,0,0,0,0,0,2000:outside_station_metadata_window:2184h; 2003:outside_station_metadata_window:2160h; 2002:outside_station_metadata_window:2160h; 2001:outside_station_metadata_window:2160h; 2004:partial_loaded:1440h; 2025:partial_loaded:744h; 2022:partial_loaded:175h; 2006:partial_loaded:113h
fixed_period_gap_causes_20260625T123832Z,plant_ecwt_provisional_fixed_period_20260625T121752Z,999999-03733,ELKINS 21 ENE,WV,US,2003-11-16 16:00:00-08,2025-08-27 17:00:00-07,189,1,16.010,"Deep Creek | Roth Rock Wind Farm LLC | Roth Rock North Wind Farm, LLC | Terrapin Hills Wind Farm | Garrett County - DPU Treatment Plant | MD - CS - Potomac Edison Co - GA29 TPE | MD CDG 001 | MD CDG 002",56328,46690,9638,0.828895,1821582,13,4,6,0,3,0,0,0,0,0,0,2000:outside_station_metadata_window:2184h; 2002:outside_station_metadata_window:2160h; 2001:outside_station_metadata_window:2160h; 2003:partial_loaded:1625h; 2025:partial_loaded:744h; 2010:partial_loaded:204h; 2024:partial_loaded:187h; 2019:partial_loaded:185h
fixed_period_gap_causes_20260625T123832Z,plant_ecwt_provisional_fixed_period_20260625T121752Z,999999-63838,VERSAILLES 3 NNW,KY,US,2001-11-19 16:00:00-08,2025-08-27 17:00:00-07,165,1,10.304,Clifty Creek | Tanners Creek | Connersville | Markland | R Gallagher | F B Culley | Whitewater Valley | Rockport,56328,45472,10856,0.807272,1791240,13,7,2,1,1,2,0,0,0,0,0,2000:outside_station_metadata_window:2184h; 2006:terminal_aws_missing:2160h; 2002:terminal_aws_missing:2160h; 2001:empty_loaded:2160h; 2003:partial_loaded:1416h; 2025:partial_loaded:744h; 2024:complete_loaded:20h; 2012:complete_loaded:4h
fixed_period_gap_causes_20260625T123832Z,plant_ecwt_provisional_fixed_period_20260625T121752Z,720972-99999,ST MARY HOSPITAL HELIPORT,MN,US,2011-11-30 16:00:00-08,2025-08-23 17:00:00-07,67,4,37.400,Key City | Wilmarth | Blooming Prairie | Janesville | Owatonna | Wells IC | Archer Daniels Midland Mankato | Mankato Energy Center,56328,29809,26519,0.529204,1776773,24,10,3,0,11,0,0,0,0,0,0,2008:outside_station_metadata_window:2184h; 2004:outside_station_metadata_window:2184h; 2000:outside_station_metadata_window:2184h; 2010:outside_station_metadata_window:2160h; 2009:outside_station_metadata_window:2160h; 2007:outside_station_metadata_window:2160h; 2006:outside_station_metadata_window:2160h; 2005:outside_station_metadata_window:2160h
fixed_period_gap_causes_20260625T123832Z,plant_ecwt_provisional_fixed_period_20260625T121752Z,999999-63828,NEWTON 8 W,GA,US,2002-08-26 17:00:00-07,2025-08-27 17:00:00-07,197,2,21.902,Walter Bouldin Dam | Jordan Dam | Martin Dam | Thurlow Dam | Yates Dam | Gantt | Point A | McWilliams,56328,47576,8752,0.844624,1724144,20,15,2,0,2,1,0,0,0,0,0,2000:outside_station_metadata_window:2184h; 2006:terminal_aws_missing:2160h; 2001:outside_station_metadata_window:2160h; 2002:partial_loaded:1416h; 2025:partial_loaded:744h; 2024:complete_loaded:18h; 2011:complete_loaded:12h; 2010:complete_loaded:10h
fixed_period_gap_causes_20260625T123832Z,plant_ecwt_provisional_fixed_period_20260625T121752Z,999999-53132,ELGIN 5 S,AZ,US,2002-09-14 17:00:00-07,2025-08-27 17:00:00-07,195,3,11.625,South Consolidated | Childs | Douglas | Irving | Ocotillo | West Phoenix | Saguaro | Demoss Petrie,56328,47580,8748,0.844695,1705860,16,11,2,0,2,1,0,0,0,0,0,2000:outside_station_metadata_window:2184h; 2006:terminal_aws_missing:2160h; 2001:outside_station_metadata_window:2160h; 2002:partial_loaded:1416h; 2025:partial_loaded:744h; 2024:complete_loaded:19h; 2012:complete_loaded:17h; 2005:complete_loaded:10h
fixed_period_gap_causes_20260625T123832Z,plant_ecwt_provisional_fixed_period_20260625T121752Z,999999-03739,CAPE CHARLES 5 ENE,VA,US,2004-03-02 16:00:00-08,2025-08-27 17:00:00-07,155,1,4.230,"Kitty Hawk | Buxton | Edenton Generators | 510 REPP One | Solar Star North Carolina II LLC | Plymouth Solar LLC | Gates Solar LLC | Windsor Cooper HIill Solar, LLC",56328,45339,10989,0.804911,1703295,13,7,2,0,4,0,0,0,0,0,0,2000:outside_station_metadata_window:2184h; 2003:outside_station_metadata_window:2160h; 2002:outside_station_metadata_window:2160h; 2001:outside_station_metadata_window:2160h; 2004:partial_loaded:1440h; 2025:partial_loaded:744h; 2023:complete_loaded:49h; 2016:complete_loaded:28h
fixed_period_gap_causes_20260625T123832Z,plant_ecwt_provisional_fixed_period_20260625T121752Z,994330-99999,SHEBOYGAN  WI,,US,1985-04-30 17:00:00-07,2025-08-23 17:00:00-07,161,1,3.904,Allegan Dam | B C Cobb | C W Tippy | Croton | Hardy | Hodenpyl | J H Campbell | Ludington,56328,46113,10215,0.818651,1644615,26,20,2,0,0,4,0,0,0,0,0,2016:terminal_aws_missing:2184h; 2007:terminal_aws_missing:2160h; 2006:terminal_aws_missing:2160h; 2005:terminal_aws_missing:2160h; 2025:partial_loaded:777h; 2021:partial_loaded:195h; 2001:complete_loaded:78h; 2000:complete_loaded:70h
fixed_period_gap_causes_20260625T123832Z,plant_ecwt_provisional_fixed_period_20260625T121752Z,999999-03072,BRONTE 11 NNE,TX,US,2006-12-14 16:00:00-08,2025-08-27 17:00:00-07,103,4,53.958,Graham | Buchanan Dam (TX) | Granite Shoals | Inks | Marble Falls | R W Miller | Thomas C Ferguson | Mesquite Wind Power LLC,56328,40651,15677,0.721684,1614731,21,13,2,0,6,0,0,0,0,0,0,2004:outside_station_metadata_window:2184h; 2000:outside_station_metadata_window:2184h; 2005:outside_station_metadata_window:2160h; 2003:outside_station_metadata_window:2160h; 2002:outside_station_metadata_window:2160h; 2001:outside_station_metadata_window:2160h; 2006:partial_loaded:1778h; 2025:partial_loaded:744h
fixed_period_gap_causes_20260625T123832Z,plant_ecwt_provisional_fixed_period_20260625T121752Z,999999-03728,MCCLELLANVILLE 7 NE,SC,US,2002-08-14 17:00:00-07,2025-08-27 17:00:00-07,233,2,19.896,Boulevard | Kraft | Riverside (GA) | McIntosh | Savannah River Mill | Imperial Savannah LP | International Paper Savanna Mill | Port Wentworth Mill,56328,49745,6583,0.883131,1533839,17,13,2,0,2,0,0,0,0,0,0,2000:outside_station_metadata_window:2184h; 2001:outside_station_metadata_window:2160h; 2002:partial_loaded:1416h; 2025:partial_loaded:746h; 2024:complete_loaded:18h; 2011:complete_loaded:10h; 2006:complete_loaded:9h; 2023:complete_loaded:8h
fixed_period_gap_causes_20260625T123832Z,plant_ecwt_provisional_fixed_period_20260625T121752Z,760013-99999,GENERAL ABELARDO L RODRIGUEZ INTL / TIJUANA INTL,,MX,1990-03-13 16:00:00-08,2025-08-23 17:00:00-07,418,2,3.419,Yucca | Headgate Rock | Yuma Cogeneration Associates | Gila River Power Block 4 | Harquahala Generating Project | Gila Bend Power Generation Station | Solana Generating Station | Agua Caliente Solar Project,56328,52845,3483,0.938166,1455894,26,17,9,0,0,0,0,0,0,0,0,2025:partial_loaded:781h; 2021:partial_loaded:327h; 2000:partial_loaded:252h; 2001:partial_loaded:178h; 2003:partial_loaded:141h; 2018:partial_loaded:136h; 2006:partial_loaded:116h; 2004:partial_loaded:115h
fixed_period_gap_causes_20260625T123832Z,plant_ecwt_provisional_fixed_period_20260625T121752Z,999999-04126,ARCO 17 SW,ID,US,2003-07-09 17:00:00-07,2025-08-27 17:00:00-07,121,2,38.132,Gem State | American Falls | Bliss (ID) | Clear Lake | Lower Malad | Lower Salmon | Shoshone Falls | Thousand Springs,56328,45481,10847,0.807431,1312487,10,4,2,0,3,1,0,0,0,0,0,2000:outside_station_metadata_window:2184h; 2006:terminal_aws_missing:2160h; 2002:outside_station_metadata_window:2160h; 2001:outside_station_metadata_window:2160h; 2003:partial_loaded:1417h; 2025:partial_loaded:744h; 2024:complete_loaded:18h; 2004:complete_loaded:2h
fixed_period_gap_causes_20260625T123832Z,plant_ecwt_provisional_fixed_period_20260625T121752Z,994410-99999,ST. AUGUSTINE  FL,,US,1987-01-21 16:00:00-08,2025-08-23 17:00:00-07,115,1,18.250,Seminole (FL) | St Johns River Power Park | Stanton Energy Center | Cape Canaveral | Sanford | Crystal River | G E Turner | Rio Pinar,56328,45106,11222,0.800774,1290530,26,17,5,0,0,4,0,0,0,0,0,2016:terminal_aws_missing:2184h; 2007:terminal_aws_missing:2160h; 2006:terminal_aws_missing:2160h; 2005:terminal_aws_missing:2160h; 2025:partial_loaded:835h; 2010:partial_loaded:574h; 2009:partial_loaded:297h; 2003:partial_loaded:222h
fixed_period_gap_causes_20260625T123832Z,plant_ecwt_provisional_fixed_period_20260625T121752Z,999999-63826,BLACKVILLE 3 W,SC,US,2002-07-12 17:00:00-07,2025-08-27 17:00:00-07,183,3,32.461,Vogtle | Barnett Shoals | Harllee Branch | McManus | Sinclair Dam | Stevens Creek | Hartwell Lake | Edwin I Hatch,56328,49527,6801,0.879261,1244583,16,11,3,0,2,0,0,0,0,0,0,2000:outside_station_metadata_window:2184h; 2001:outside_station_metadata_window:2160h; 2002:partial_loaded:1416h; 2025:partial_loaded:748h; 2020:partial_loaded:124h; 2014:complete_loaded:57h; 2004:complete_loaded:56h; 2024:complete_loaded:18h
fixed_period_gap_causes_20260625T123832Z,plant_ecwt_provisional_fixed_period_20260625T121752Z,999999-53152,SANTA BARBARA 11 W,CA,US,2008-08-13 17:00:00-07,2025-08-27 17:00:00-07,62,1,2.260,Alamo | W E Warne | Ellwood | Mid-Set Cogeneration | Chalk Cliff Limited | Berry Cogen | ExxonMobil Santa Ynez Facility | Berry Cogen Tanne Hills 18,56328,36630,19698,0.650298,1221276,19,9,2,0,8,0,0,0,0,0,0,2004:outside_station_metadata_window:2184h; 2000:outside_station_metadata_window:2184h; 2007:outside_station_metadata_window:2160h; 2006:outside_station_metadata_window:2160h; 2005:outside_station_metadata_window:2160h; 2003:outside_station_metadata_window:2160h; 2002:outside_station_metadata_window:2160h; 2001:outside_station_metadata_window:2160h
fixed_period_gap_causes_20260625T123832Z,plant_ecwt_provisional_fixed_period_20260625T121752Z,999999-21514,MAUNA LOA 5 NNE,HI,US,2005-09-26 17:00:00-07,2025-08-27 17:00:00-07,93,2,45.306,Honolulu | Kahe | Waiau | Waimea | Kanoelehua | Puueo | W H Hill | Waiau Hydro,56328,43289,13039,0.768517,1212627,11,4,2,0,5,0,0,0,0,0,0,2004:outside_station_metadata_window:2184h; 2000:outside_station_metadata_window:2184h; 2003:outside_station_metadata_window:2160h; 2002:outside_station_metadata_window:2160h; 2001:outside_station_metadata_window:2160h; 2005:partial_loaded:1417h; 2025:partial_loaded:744h; 2024:complete_loaded:19h
fixed_period_gap_causes_20260625T123832Z,plant_ecwt_provisional_fixed_period_20260625T121752Z,714300-99999,POINT PETRE (AUT)  ONT,,CA,1977-06-10 17:00:00-07,2025-08-23 17:00:00-07,344,5,69.526,Greenidge Generation LLC | Keuka | Glenwood Hydro | Hydraulic Race | Waterport | Rochester 26 | Rochester 2 | Rochester 3,56328,52885,3443,0.938876,1184392,26,19,7,0,0,0,0,0,0,0,0,2025:partial_loaded:795h; 2003:partial_loaded:467h; 2000:partial_loaded:461h; 2009:partial_loaded:298h; 2002:partial_loaded:256h; 2015:partial_loaded:255h; 2021:partial_loaded:178h; 2022:complete_loaded:100h
fixed_period_gap_causes_20260625T123832Z,plant_ecwt_provisional_fixed_period_20260625T121752Z,999999-03048,SOCORRO 20 N,NM,US,2003-05-23 17:00:00-07,2025-08-27 17:00:00-07,105,2,28.964,Escalante | Navajo Dam | Four Corners | Las Vegas | Reeves | San Juan | Animas | Tucumcari,56328,45216,11112,0.802727,1166760,14,7,3,0,3,1,0,0,0,0,0,2000:outside_station_metadata_window:2184h; 2006:terminal_aws_missing:2160h; 2002:outside_station_metadata_window:2160h; 2001:outside_station_metadata_window:2160h; 2003:partial_loaded:1416h; 2025:partial_loaded:744h; 2023:partial_loaded:247h; 2024:complete_loaded:21h
fixed_period_gap_causes_20260625T123832Z,plant_ecwt_provisional_fixed_period_20260625T121752Z,999999-53960,LAFAYETTE 13 SE,LA,US,2003-01-10 16:00:00-08,2025-08-27 17:00:00-07,115,2,14.342,Louisiana 1 | Louisiana 2 | R S Nelson | Willow Glen | Coughlin Power Station | Teche | Little Gypsy | Nine Mile Point,56328,46582,9746,0.826978,1120790,18,12,2,0,3,1,0,0,0,0,0,2000:outside_station_metadata_window:2184h; 2006:terminal_aws_missing:2160h; 2002:outside_station_metadata_window:2160h; 2001:outside_station_metadata_window:2160h; 2025:partial_loaded:744h; 2003:partial_loaded:262h; 2024:complete_loaded:21h; 2005:complete_loaded:10h
fixed_period_gap_causes_20260625T123832Z,plant_ecwt_provisional_fixed_period_20260625T121752Z,999999-23904,BATESVILLE 8 WNW,AR,US,2006-12-18 16:00:00-08,2025-08-27 17:00:00-07,70,1,6.795,Beaver Dam (AR) | Greers Ferry Lake | Paragould | Municipal Light | Norfork | Bull Shoals | Thomas Fitzhugh | Ozark,56328,40614,15714,0.721027,1099980,14,6,2,0,6,0,0,0,0,0,0,2004:outside_station_metadata_window:2184h; 2000:outside_station_metadata_window:2184h; 2005:outside_station_metadata_window:2160h; 2003:outside_station_metadata_window:2160h; 2002:outside_station_metadata_window:2160h; 2001:outside_station_metadata_window:2160h; 2006:partial_loaded:1872h; 2025:partial_loaded:744h
fixed_period_gap_causes_20260625T123832Z,plant_ecwt_provisional_fixed_period_20260625T121752Z,994160-99999,CAPE LOOKOUT  NC,,US,1985-01-19 16:00:00-08,2025-08-23 17:00:00-07,52,7,29.491,Morehead | Ocracoke Hybrid | Craven County Wood Energy LP | International Paper Co. - New Bern Mill | Domtar Paper Co LLC Plymouth NC | PCS Phosphate | New Bern | Washington White Post Solar LLC,56328,35449,20879,0.629332,1085708,26,13,6,2,0,5,0,0,0,0,0,2016:terminal_aws_missing:2184h; 2000:terminal_aws_missing:2184h; 2018:empty_loaded:2160h; 2007:terminal_aws_missing:2160h; 2006:terminal_aws_missing:2160h; 2005:terminal_aws_missing:2160h; 2001:empty_loaded:2160h; 2025:partial_loaded:1898h
fixed_period_gap_causes_20260625T123832Z,plant_ecwt_provisional_fixed_period_20260625T121752Z,999999-04127,MURPHY 10 W,ID,US,2003-06-28 17:00:00-07,2025-08-27 17:00:00-07,98,1,17.912,Crimson Orchard Solar and BESS | Brownlee | C J Strike | Cascade Dam (ID) | Swan Falls | Anderson Ranch | Black Canyon | Boise R Diversion,56328,45481,10847,0.807431,1063006,9,3,2,0,3,1,0,0,0,0,0,2000:outside_station_metadata_window:2184h; 2006:terminal_aws_missing:2160h; 2002:outside_station_metadata_window:2160h; 2001:outside_station_metadata_window:2160h; 2003:partial_loaded:1417h; 2025:partial_loaded:744h; 2024:complete_loaded:18h; 2004:complete_loaded:3h
fixed_period_gap_causes_20260625T123832Z,plant_ecwt_provisional_fixed_period_20260625T121752Z,994390-99999,SETTLEMENT POINT  GBI,,US,1985-12-02 16:00:00-08,2025-08-23 17:00:00-07,67,19,104.775,Lauderdale | Port Everglades | Riviera | Henry D King | Tom G Smith | Martin | St Lucie | Palm Beach Renewable Energy Facility 1,56328,40466,15862,0.718399,1062754,26,16,4,0,0,4,0,0,2,0,0,2024:available_raw_not_loaded:2184h; 2016:terminal_aws_missing:2184h; 2015:available_raw_not_loaded:2160h; 2007:terminal_aws_missing:2160h; 2006:terminal_aws_missing:2160h; 2005:terminal_aws_missing:2160h; 2017:partial_loaded:1318h; 2025:partial_loaded:788h
fixed_period_gap_causes_20260625T123832Z,plant_ecwt_provisional_fixed_period_20260625T121752Z,763943-99999,GENERAL MARIANO ESCOBEDO INTL / MONTERREY INTL,,MX,1990-05-31 17:00:00-07,2025-08-23 17:00:00-07,107,19,127.928,Eagle Pass | Laredo | Silas Ray | Falcon Dam & Power | Rio Grande Valley Sugar Growers | Frontera Energy Center | Magic Valley Generating Station | Hidalgo Energy Center,56328,47439,8889,0.842192,951123,26,19,4,0,0,0,0,0,3,0,0,2024:available_raw_not_loaded:2184h; 2015:available_raw_not_loaded:2160h; 2006:available_raw_not_loaded:2160h; 2025:partial_loaded:770h; 2000:partial_loaded:304h; 2021:partial_loaded:207h; 2018:partial_loaded:121h; 2004:complete_loaded:105h
fixed_period_gap_causes_20260625T123832Z,plant_ecwt_provisional_fixed_period_20260625T121752Z,715380-99999,WINDSOR,,CA,1955-07-01 17:00:00-07,2025-08-23 17:00:00-07,256,1,12.181,"Waterloo Solar, LLC | Sculpin Solar | Webber | J R Whiting | Colfax | Dayton (MI) | Delray | Fermi",56328,52706,3622,0.935698,927232,25,21,3,0,0,1,0,0,0,0,0,2005:terminal_aws_missing:2160h; 2025:partial_loaded:765h; 2024:partial_loaded:143h; 2021:partial_loaded:119h; 2003:complete_loaded:103h; 2004:complete_loaded:55h; 2006:complete_loaded:37h; 2000:complete_loaded:36h
fixed_period_gap_causes_20260625T123832Z,plant_ecwt_provisional_fixed_period_20260625T121752Z,999999-63831,NEWTON 5 ENE,MS,US,2002-11-02 16:00:00-08,2025-08-27 17:00:00-07,132,1,30.856,Bankhead Dam | Barry | Gorgas | Greene County | Holt Dam | Millers Ferry | Lowman Energy Center | James H Miller Jr,56328,49633,6695,0.881143,883740,18,14,2,0,2,0,0,0,0,0,0,2000:outside_station_metadata_window:2184h; 2001:outside_station_metadata_window:2160h; 2002:partial_loaded:1418h; 2025:partial_loaded:744h; 2016:complete_loaded:102h; 2024:complete_loaded:20h; 2007:complete_loaded:18h; 2011:complete_loaded:11h
fixed_period_gap_causes_20260625T123832Z,plant_ecwt_provisional_fixed_period_20260625T121752Z,999999-53961,MONROE 26 N,LA,US,2003-01-14 16:00:00-08,2025-08-27 17:00:00-07,87,4,59.644,Carpenter | Cecil Lynch | Hamilton Moses | Harvey Couch | Lake Catherine | Mabelvale | Remmel | Degray,56328,46316,10012,0.822255,871044,17,11,2,0,3,1,0,0,0,0,0,2000:outside_station_metadata_window:2184h; 2006:terminal_aws_missing:2160h; 2002:outside_station_metadata_window:2160h; 2001:outside_station_metadata_window:2160h; 2025:partial_loaded:744h; 2003:partial_loaded:449h; 2021:complete_loaded:68h; 2024:complete_loaded:21h
fixed_period_gap_causes_20260625T123832Z,plant_ecwt_provisional_fixed_period_20260625T121752Z,999999-03054,MULESHOE 19 S,TX,US,2004-02-26 16:00:00-08,2025-08-27 17:00:00-07,66,7,91.515,KODE Novus I | KODE Novus II | Goodwell Wind Project LLC | Moore County | Nichols | Riverview | Harrington | Celanese,56328,43324,13004,0.769138,858264,19,12,2,0,4,1,0,0,0,0,0,2000:outside_station_metadata_window:2184h; 2006:terminal_aws_missing:2160h; 2003:outside_station_metadata_window:2160h; 2002:outside_station_metadata_window:2160h; 2001:outside_station_metadata_window:2160h; 2004:partial_loaded:1378h; 2025:partial_loaded:745h; 2024:complete_loaded:22h
fixed_period_gap_causes_20260625T123832Z,plant_ecwt_provisional_fixed_period_20260625T121752Z,721043-99999,ATHENS MUNI,TX,US,2012-08-12 17:00:00-07,2025-08-23 17:00:00-07,26,72,174.133,"Broken Bow Dam | Hugo | International Paper Valliant OK | Choctaw Nation Solar Farm | Butterfield Solar Farm | Choctaw Fields Solar Project, LLC | Denison | Wise County Power LLC",56328,27669,28659,0.491212,745134,26,11,3,0,12,0,0,0,0,0,0,2008:outside_station_metadata_window:2184h; 2004:outside_station_metadata_window:2184h; 2000:outside_station_metadata_window:2184h; 2011:outside_station_metadata_window:2160h; 2010:outside_station_metadata_window:2160h; 2009:outside_station_metadata_window:2160h; 2007:outside_station_metadata_window:2160h; 2006:outside_station_metadata_window:2160h
fixed_period_gap_causes_20260625T123832Z,plant_ecwt_provisional_fixed_period_20260625T121752Z,999999-94075,BOULDER 14 W,CO,US,2003-09-26 17:00:00-07,2025-08-27 17:00:00-07,75,46,172.939,Pueblo | W N Clark | Cameo | Comanche (CO) | Fruita | Salida | Blue Mesa | Morrow Point,56328,47633,8695,0.845636,652125,10,5,2,0,3,0,0,0,0,0,0,2000:outside_station_metadata_window:2184h; 2002:outside_station_metadata_window:2160h; 2001:outside_station_metadata_window:2160h; 2003:partial_loaded:1416h; 2025:partial_loaded:744h; 2024:complete_loaded:19h; 2007:complete_loaded:8h; 2004:complete_loaded:2h
fixed_period_gap_causes_20260625T123832Z,plant_ecwt_provisional_fixed_period_20260625T121752Z,999999-63855,CROSSVILLE 7 NW,TN,US,2004-12-02 16:00:00-08,2025-08-27 17:00:00-07,58,2,50.510,Weiss Dam | Browns Ferry | Guntersville | Wheeler Dam | Widows Creek | Bellefonte | Albertville | Decatur Energy Center,56328,45311,11017,0.804413,638986,15,9,2,0,4,0,0,0,0,0,0,2000:outside_station_metadata_window:2184h; 2003:outside_station_metadata_window:2160h; 2002:outside_station_metadata_window:2160h; 2001:outside_station_metadata_window:2160h; 2004:partial_loaded:1511h; 2025:partial_loaded:744h; 2015:complete_loaded:37h; 2007:complete_loaded:28h
fixed_period_gap_causes_20260625T123832Z,plant_ecwt_provisional_fixed_period_20260625T121752Z,999999-23906,PORT ARANSAS 32 NNE,TX,US,2007-11-15 16:00:00-08,2025-08-27 17:00:00-07,30,58,168.787,Canyon | Holly Street | Sim Gideon | Fayette Power Project | Sand Hill | Lost Pines 1 Power Project | Bastrop Energy Center | Winchester Power Park,56328,38004,18324,0.674691,549720,19,8,4,0,7,0,0,0,0,0,0,2004:outside_station_metadata_window:2184h; 2000:outside_station_metadata_window:2184h; 2006:outside_station_metadata_window:2160h; 2005:outside_station_metadata_window:2160h; 2003:outside_station_metadata_window:2160h; 2002:outside_station_metadata_window:2160h; 2001:outside_station_metadata_window:2160h; 2007:partial_loaded:1416h
fixed_period_gap_causes_20260625T123832Z,plant_ecwt_provisional_fixed_period_20260625T121752Z,999999-03067,OAKLEY 19 SSW,KS,US,2005-10-29 17:00:00-07,2025-08-27 17:00:00-07,39,2,34.355,Holly | Las Animas | Lamar Plant | Springfield (CO) | Colorado Green Holdings LLC | Twin Buttes Wind Project | Twin Buttes II Wind | Vilas Solar Array,56328,43290,13038,0.768534,508482,11,4,2,0,5,0,0,0,0,0,0,2004:outside_station_metadata_window:2184h; 2000:outside_station_metadata_window:2184h; 2003:outside_station_metadata_window:2160h; 2002:outside_station_metadata_window:2160h; 2001:outside_station_metadata_window:2160h; 2005:partial_loaded:1416h; 2025:partial_loaded:744h; 2024:complete_loaded:27h
fixed_period_gap_causes_20260625T123832Z,plant_ecwt_provisional_fixed_period_20260625T121752Z,722031-63839,FOLSOM FIELD AP,AL,US,2005-12-31 16:00:00-08,2025-08-23 17:00:00-07,35,14,91.644,"Colbert | Wilson Dam | River Bend Solar, LLC (AL) | Muscle Shoals | Magnolia Power Plant | Sr Byhalia, LLC | SR Marshall, LLC | SR West Marshall, LLC",56328,41865,14463,0.743236,506205,26,16,4,0,6,0,0,0,0,0,0,2004:outside_station_metadata_window:2184h; 2000:outside_station_metadata_window:2184h; 2005:outside_station_metadata_window:2160h; 2003:outside_station_metadata_window:2160h; 2002:outside_station_metadata_window:2160h; 2001:outside_station_metadata_window:2160h; 2025:partial_loaded:756h; 2021:partial_loaded:125h
fixed_period_gap_causes_20260625T123832Z,plant_ecwt_provisional_fixed_period_20260625T121752Z,997255-99999,9087044 - CALUMET  IL,,US,2004-11-21 16:00:00-08,2025-08-23 17:00:00-07,24,24,89.306,Elkhart | Twin Branch | Miami Wabash | Peru (IN) | University of Notre Dame | Prairie View I & II LFGTE | Earthmovers LFGTE | Zimmerman Energy,56328,35260,21068,0.625976,505632,26,15,3,0,4,4,0,0,0,0,0,2016:terminal_aws_missing:2184h; 2000:outside_station_metadata_window:2184h; 2007:terminal_aws_missing:2160h; 2006:terminal_aws_missing:2160h; 2005:terminal_aws_missing:2160h; 2003:outside_station_metadata_window:2160h; 2002:outside_station_metadata_window:2160h; 2001:outside_station_metadata_window:2160h
fixed_period_gap_causes_20260625T123832Z,plant_ecwt_provisional_fixed_period_20260625T121752Z,994280-99999,NEWPORT  OR,,US,1985-04-30 17:00:00-07,2025-08-23 17:00:00-07,44,7,61.264,Bull Run Hydro | Sullivan | Bonneville | PHP 2 | Ground Water Pumping Station | Riverbend Landfill | Bellevue Solar Project | Yamhill Solar LLC,56328,45265,11063,0.803597,486772,26,18,4,0,0,4,0,0,0,0,0,2016:terminal_aws_missing:2184h; 2007:terminal_aws_missing:2160h; 2006:terminal_aws_missing:2160h; 2005:terminal_aws_missing:2160h; 2025:partial_loaded:776h; 2015:partial_loaded:745h; 2003:partial_loaded:202h; 2021:partial_loaded:191h
fixed_period_gap_causes_20260625T123832Z,plant_ecwt_provisional_fixed_period_20260625T121752Z,999999-63850,WATKINSVILLE 5 SSE,GA,US,2004-04-29 17:00:00-07,2025-08-27 17:00:00-07,36,8,66.361,Atkinson | Bowen | Jack McDonough | Lloyd Shoals | Morgan Falls | Yates | Wansley | Sewell Creek Energy,56328,43233,13095,0.767522,471420,16,9,2,0,4,1,0,0,0,0,0,2000:outside_station_metadata_window:2184h; 2006:terminal_aws_missing:2160h; 2003:outside_station_metadata_window:2160h; 2002:outside_station_metadata_window:2160h; 2001:outside_station_metadata_window:2160h; 2004:partial_loaded:1440h; 2025:partial_loaded:746h; 2018:complete_loaded:30h
fixed_period_gap_causes_20260625T123832Z,plant_ecwt_provisional_fixed_period_20260625T121752Z,712980-99999,HARROW CDA AUTO,,CA,2003-06-16 17:00:00-07,2025-08-23 17:00:00-07,33,79,184.357,Auburn Renewables LLC | Refuse & Coal | Sidney (OH) | Dover (OH) | St Marys | Dover Peaking | Jackson Cntr Peaking | Robert P Mone Plant,56328,42495,13833,0.754421,456489,26,17,6,0,3,0,0,0,0,0,0,2000:outside_station_metadata_window:2184h; 2002:outside_station_metadata_window:2160h; 2001:outside_station_metadata_window:2160h; 2003:partial_loaded:2039h; 2004:partial_loaded:1829h; 2015:partial_loaded:1367h; 2025:partial_loaded:773h; 2014:partial_loaded:701h
fixed_period_gap_causes_20260625T123832Z,plant_ecwt_provisional_fixed_period_20260625T121752Z,999999-13301,CHILLICOTHE 22 ENE,MO,US,2005-06-10 17:00:00-07,2025-08-27 17:00:00-07,29,10,90.163,Fairgrounds | Niangua | Osage Dam | Columbia (MO) | Stockton Hydro | Fayette | Fulton (MO) | Clarence Cannon,56328,41140,15188,0.730365,440452,10,2,2,0,5,1,0,0,0,0,0,2004:outside_station_metadata_window:2184h; 2000:outside_station_metadata_window:2184h; 2006:terminal_aws_missing:2160h; 2003:outside_station_metadata_window:2160h; 2002:outside_station_metadata_window:2160h; 2001:outside_station_metadata_window:2160h; 2005:partial_loaded:1416h; 2025:partial_loaded:744h
fixed_period_gap_causes_20260625T123832Z,plant_ecwt_provisional_fixed_period_20260625T121752Z,994670-99999,MIDDLE ROCK LIGHT,,US,2002-02-18 16:00:00-08,2025-08-23 17:00:00-07,28,31,139.946,Terror Lake Microgrid | Hank Nikkels Plant 1 | Eklutna Hydro Project | Seward (AK) | Beluga | Kodiak Microgrid | Port Lions Microgrid | Seldovia,56328,40879,15449,0.725731,432572,25,16,3,0,2,4,0,0,0,0,0,2016:terminal_aws_missing:2184h; 2000:outside_station_metadata_window:2184h; 2007:terminal_aws_missing:2160h; 2006:terminal_aws_missing:2160h; 2005:terminal_aws_missing:2160h; 2001:outside_station_metadata_window:2160h; 2002:partial_loaded:1221h; 2025:partial_loaded:774h
fixed_period_gap_causes_20260625T123832Z,plant_ecwt_provisional_fixed_period_20260625T121752Z,999999-63858,SELMA 13 WNW,AL,US,2005-05-25 17:00:00-07,2025-08-27 17:00:00-07,33,9,63.229,Gadsden | H Neely Henry Dam | Logan Martin Dam | Lay Dam | Mitchell Dam | Lewis Smith Dam | E C Gaston | Harris Dam,56328,43233,13095,0.767522,432135,21,14,2,0,5,0,0,0,0,0,0,2004:outside_station_metadata_window:2184h; 2000:outside_station_metadata_window:2184h; 2003:outside_station_metadata_window:2160h; 2002:outside_station_metadata_window:2160h; 2001:outside_station_metadata_window:2160h; 2005:partial_loaded:1416h; 2025:partial_loaded:744h; 2024:complete_loaded:19h
fixed_period_gap_causes_20260625T123832Z,plant_ecwt_provisional_fixed_period_20260625T121752Z,994400-99999,THOMAS POINT  MD,,US,1985-12-04 16:00:00-08,2025-08-23 17:00:00-07,39,40,108.209,"Crisfield | McKee City Solar Phase 2 | AC Criminal Courts Complex SPE2, LLC | Delilah Road Landfill | Adams Ave MS and HS | ACCC Mays Landing | ACM - Midtown Thermal | Ocean Wind",56328,45652,10676,0.810467,416364,26,18,4,0,0,4,0,0,0,0,0,2016:terminal_aws_missing:2184h; 2007:terminal_aws_missing:2160h; 2006:terminal_aws_missing:2160h; 2005:terminal_aws_missing:2160h; 2025:partial_loaded:777h; 2015:partial_loaded:391h; 2021:partial_loaded:186h; 2009:partial_loaded:129h
fixed_period_gap_causes_20260625T123832Z,plant_ecwt_provisional_fixed_period_20260625T121752Z,701170-26634,TIN CITY LRRS AIRPORT,AK,US,2005-12-31 16:00:00-08,2025-08-22 17:00:00-07,20,2,71.395,Snake River | Unalakleet | Chevak | Emmonak | Hooper Bay | Mountain Village | St Marys IC | Shishmaref,56328,36181,20147,0.642327,402940,26,13,7,0,6,0,0,0,0,0,0,2004:outside_station_metadata_window:2184h; 2000:outside_station_metadata_window:2184h; 2005:outside_station_metadata_window:2160h; 2003:outside_station_metadata_window:2160h; 2002:outside_station_metadata_window:2160h; 2001:outside_station_metadata_window:2160h; 2025:partial_loaded:2159h; 2024:partial_loaded:2064h
fixed_period_gap_causes_20260625T123832Z,plant_ecwt_provisional_fixed_period_20260625T121752Z,997295-99999,TOLEDO,,US,2007-12-31 16:00:00-08,2025-08-23 17:00:00-07,18,60,161.825,Montpelier Electric Generating Station | Middlebury Solar | AEP Churubusco NaS | Columbia City Solar Park | Elkhart County Solar Project | B E Morrow | Constantine | Mottville,56328,35432,20896,0.629030,376128,26,15,2,0,8,1,0,0,0,0,0,2016:terminal_aws_missing:2184h; 2004:outside_station_metadata_window:2184h; 2000:outside_station_metadata_window:2184h; 2007:outside_station_metadata_window:2160h; 2006:outside_station_metadata_window:2160h; 2005:outside_station_metadata_window:2160h; 2003:outside_station_metadata_window:2160h; 2002:outside_station_metadata_window:2160h
fixed_period_gap_causes_20260625T123832Z,plant_ecwt_provisional_fixed_period_20260625T121752Z,999999-63898,BEDFORD 5 WNW,IN,US,2007-10-02 17:00:00-07,2025-08-27 17:00:00-07,20,39,154.833,"Jay County LFGTE | Wildcat Wind Farm II LLC` | Deer Creek PV | IMPA Anderson Solar Park 2 | Bluff Point Wind Facility | Gas City Solar Park | Bitter Ridge Wind Farm, LLC | POET Biorefining - Portland",56328,38711,17617,0.687243,352340,14,5,2,0,7,0,0,0,0,0,0,2004:outside_station_metadata_window:2184h; 2000:outside_station_metadata_window:2184h; 2006:outside_station_metadata_window:2160h; 2005:outside_station_metadata_window:2160h; 2003:outside_station_metadata_window:2160h; 2002:outside_station_metadata_window:2160h; 2001:outside_station_metadata_window:2160h; 2007:partial_loaded:1416h
fixed_period_gap_causes_20260625T123832Z,plant_ecwt_provisional_fixed_period_20260625T121752Z,723530-13967,WILL ROGERS WORLD AIRPORT,OK,US,1941-12-13 16:00:00-08,2025-08-26 17:00:00-07,12,52,166.823,"Marietta | Signal Hill Generating LLC | Works 4 | Wolf Ridge Wind | Shannon Wind | Windthorst-2 | Electra Wind Farm | Tyler Bluff Wind Project, LLC",56328,27137,29191,0.481768,350292,26,5,21,0,0,0,0,0,0,0,0,2025:partial_loaded:1657h; 2005:partial_loaded:1443h; 2016:partial_loaded:1424h; 2008:partial_loaded:1419h; 2012:partial_loaded:1411h; 2020:partial_loaded:1405h; 2015:partial_loaded:1403h; 2006:partial_loaded:1403h
fixed_period_gap_causes_20260625T123832Z,plant_ecwt_provisional_fixed_period_20260625T121752Z,999999-03060,MONTROSE 11 ENE,CO,US,2004-07-24 17:00:00-07,2025-08-27 17:00:00-07,26,5,77.198,Alamosa | Tacoma | Ames Hydro | McPhee | Towaoc | Williams Ignacio Natural Gas Plant | Vallecito Hydroelectric | SMPA Solar 1 Community Solar,56328,43284,13044,0.768428,339144,12,5,2,0,4,1,0,0,0,0,0,2000:outside_station_metadata_window:2184h; 2006:terminal_aws_missing:2160h; 2003:outside_station_metadata_window:2160h; 2002:outside_station_metadata_window:2160h; 2001:outside_station_metadata_window:2160h; 2004:partial_loaded:1440h; 2025:partial_loaded:744h; 2024:complete_loaded:19h
fixed_period_gap_causes_20260625T123832Z,plant_ecwt_provisional_fixed_period_20260625T121752Z,999999-63895,RUSSELLVILLE 4 SSE,AL,US,2006-08-15 17:00:00-07,2025-08-27 17:00:00-07,22,51,203.661,"Osceola (AR) | Dell Power Station | Plum Point Energy Station | West Memphis Solar Station | Big Cypress Solar, LLC | Driver Solar | Crooked Lake Solar, LLC | Forgeview Solar",56328,41096,15232,0.729584,335104,16,8,2,0,6,0,0,0,0,0,0,2004:outside_station_metadata_window:2184h; 2000:outside_station_metadata_window:2184h; 2005:outside_station_metadata_window:2160h; 2003:outside_station_metadata_window:2160h; 2002:outside_station_metadata_window:2160h; 2001:outside_station_metadata_window:2160h; 2006:partial_loaded:1416h; 2025:partial_loaded:744h
fixed_period_gap_causes_20260625T123832Z,plant_ecwt_provisional_fixed_period_20260625T121752Z,999999-63849,BOWLING GREEN 21 NNE,KY,US,2004-05-18 17:00:00-07,2025-08-27 17:00:00-07,23,38,165.696,"Marion | Clendenin A Community Solar, LLC CSG | SV CSG Barrass Farms II LL | SV CSG Corbell | Pulaski Solar | Barkley | Kentucky Dam | Shawnee",56328,43288,13040,0.768499,299920,13,6,2,0,4,1,0,0,0,0,0,2000:outside_station_metadata_window:2184h; 2006:terminal_aws_missing:2160h; 2003:outside_station_metadata_window:2160h; 2002:outside_station_metadata_window:2160h; 2001:outside_station_metadata_window:2160h; 2004:partial_loaded:1441h; 2025:partial_loaded:744h; 2024:complete_loaded:20h
fixed_period_gap_causes_20260625T123832Z,plant_ecwt_provisional_fixed_period_20260625T121752Z,994190-99999,DEVILS ISLAND  WI,,US,1985-04-30 17:00:00-07,2025-08-23 17:00:00-07,16,29,115.698,Thomson | Moose Lake | Grand Casino Hinckley Solar | MP CSG 1 LLC | Gordon | Trego | Clam River Dam | Danbury Dam,56328,38263,18065,0.679289,289040,26,15,5,0,0,6,0,0,0,0,0,2016:terminal_aws_missing:2184h; 2000:terminal_aws_missing:2184h; 2007:terminal_aws_missing:2160h; 2006:terminal_aws_missing:2160h; 2005:terminal_aws_missing:2160h; 2001:terminal_aws_missing:2160h; 2008:partial_loaded:1769h; 2009:partial_loaded:1285h
fixed_period_gap_causes_20260625T123832Z,plant_ecwt_provisional_fixed_period_20260625T121752Z,999999-93816,EFFINGHAM COUNTY MEMORIAL ARPT,IL,US,1948-11-30 17:00:00-07,2025-08-25 17:00:00-07,18,39,148.787,Grand Tower Energy Center LLC | SIUC | John A Logan College Solar | Hurricane Creek CSG | SV CSG Bishop 1 LLC | Viaduct | Taum Sauk | Jackson (MO),56328,41022,15306,0.728270,275508,26,15,5,2,0,4,0,0,0,0,0,2004:empty_loaded:2184h; 2000:terminal_aws_missing:2184h; 2005:terminal_aws_missing:2160h; 2003:terminal_aws_missing:2160h; 2002:empty_loaded:2160h; 2001:terminal_aws_missing:2160h; 2025:partial_loaded:762h; 2022:partial_loaded:299h
fixed_period_gap_causes_20260625T123832Z,plant_ecwt_provisional_fixed_period_20260625T121752Z,999999-53974,MANHATTAN 6 SSW,KS,US,2003-09-30 17:00:00-07,2025-08-27 17:00:00-07,25,34,150.425,"La Cygne | Garnett Municipal | Jetmore | Osawatomie City of | Osawatomie | Oak Grove Power Producers | Alexander Wind Farm LLC | East Kansas Agri-Energy, LLC",56328,45403,10925,0.806047,273125,13,7,2,0,3,1,0,0,0,0,0,2000:outside_station_metadata_window:2184h; 2006:terminal_aws_missing:2160h; 2002:outside_station_metadata_window:2160h; 2001:outside_station_metadata_window:2160h; 2003:partial_loaded:1416h; 2025:partial_loaded:744h; 2008:complete_loaded:33h; 2012:complete_loaded:22h
fixed_period_gap_causes_20260625T123832Z,plant_ecwt_provisional_fixed_period_20260625T121752Z,999999-54795,DURHAM 2 SSW,NH,US,2001-12-15 16:00:00-08,2025-08-27 17:00:00-07,52,86,141.588,"Winsor Dam Power Station | Amherst College Co Gen | Mass Midstate Solar 2 | Southbridge PV | Southbridge Landfill Gas-to-Energy | Hadley Solar NG, LLC | Syncarpha Palmer, LLC | Palmer Landfill",56328,51091,5237,0.907027,272324,11,7,3,0,1,0,0,0,0,0,0,2000:outside_station_metadata_window:2184h; 2001:partial_loaded:1838h; 2025:partial_loaded:744h; 2002:partial_loaded:382h; 2017:complete_loaded:63h; 2024:complete_loaded:18h; 2005:complete_loaded:3h; 2004:complete_loaded:2h
fixed_period_gap_causes_20260625T123832Z,plant_ecwt_provisional_fixed_period_20260625T121752Z,999999-23907,AUSTIN 33 NW,TX,US,2008-01-31 16:00:00-08,2025-08-27 17:00:00-07,13,4,30.918,Decker Creek | Austin | Marshall Ford | Central Utility Plant | Hal C Weaver Power Plant | GRS Sunset Farms | Domain Integrated Energy System | Robert Mueller Energy Center,56328,37366,18962,0.663365,246506,21,11,2,0,8,0,0,0,0,0,0,2004:outside_station_metadata_window:2184h; 2000:outside_station_metadata_window:2184h; 2007:outside_station_metadata_window:2160h; 2006:outside_station_metadata_window:2160h; 2005:outside_station_metadata_window:2160h; 2003:outside_station_metadata_window:2160h; 2002:outside_station_metadata_window:2160h; 2001:outside_station_metadata_window:2160h
fixed_period_gap_causes_20260625T123832Z,plant_ecwt_provisional_fixed_period_20260625T121752Z,999999-26494,FAIRBANKS 11 NE,AK,US,2002-08-08 17:00:00-07,2025-08-27 17:00:00-07,21,3,16.582,Chena Power Plant | North Pole | Fairbanks | Healy | Glennallen | Valdez | Barrow | Galena Electric Utility,56328,46001,10327,0.816663,216867,13,6,4,0,2,1,0,0,0,0,0,2000:outside_station_metadata_window:2184h; 2006:terminal_aws_missing:2160h; 2001:outside_station_metadata_window:2160h; 2002:partial_loaded:1435h; 2021:partial_loaded:906h; 2025:partial_loaded:744h; 2022:partial_loaded:577h; 2003:complete_loaded:71h
fixed_period_gap_causes_20260625T123832Z,plant_ecwt_provisional_fixed_period_20260625T121752Z,997286-99999,PHILADELPHIA,,US,2007-12-31 16:00:00-08,2025-08-23 17:00:00-07,10,48,95.183,Matrix Buildings A&B (Perth Amboy) Solar | Tinton Falls Solar Farm | IFF Hazlet | US Foods Solar | Old Bridge Solar Farm | IFF Union Beach Project | Ben Moreell Solar Farm | AT&T Middletown,56328,34683,21645,0.615733,216450,26,13,4,0,8,1,0,0,0,0,0,2016:terminal_aws_missing:2184h; 2004:outside_station_metadata_window:2184h; 2000:outside_station_metadata_window:2184h; 2007:outside_station_metadata_window:2160h; 2006:outside_station_metadata_window:2160h; 2005:outside_station_metadata_window:2160h; 2003:outside_station_metadata_window:2160h; 2002:outside_station_metadata_window:2160h
fixed_period_gap_causes_20260625T123832Z,plant_ecwt_provisional_fixed_period_20260625T121752Z,714320-99999,PORT WELLER (AUT)  ONT,,CA,1977-06-10 17:00:00-07,2025-08-23 17:00:00-07,35,21,83.258,"S A Carlson | Chautauqua LFGTE Facility | Ripley Westfield Wind LLC | Cassadaga Wind Farm | Cummins, Inc | Arkwright Summit Wind Farm LLC | Fredonia Solar LLC | South Ripley Solar",56328,50633,5695,0.898896,199325,26,17,9,0,0,0,0,0,0,0,0,2006:partial_loaded:1422h; 2025:partial_loaded:790h; 2008:partial_loaded:754h; 2005:partial_loaded:748h; 2003:partial_loaded:446h; 2009:partial_loaded:331h; 2002:partial_loaded:267h; 2000:partial_loaded:170h
fixed_period_gap_causes_20260625T123832Z,plant_ecwt_provisional_fixed_period_20260625T121752Z,715050-99999,HAINES JUNCTION,,CA,1991-11-05 16:00:00-08,2025-08-23 17:00:00-07,31,6,180.306,Annex Creek | Gold Creek | Lemon Creek | Salmon Creek 1 | Skagway | Haines | Snettisham | Petersburg,56328,50048,6280,0.888510,194680,26,16,10,0,0,0,0,0,0,0,0,2003:partial_loaded:1226h; 2002:partial_loaded:946h; 2020:partial_loaded:932h; 2025:partial_loaded:779h; 2023:partial_loaded:618h; 2024:partial_loaded:519h; 2021:partial_loaded:350h; 2017:partial_loaded:226h
fixed_period_gap_causes_20260625T123832Z,plant_ecwt_provisional_fixed_period_20260625T121752Z,994340-99999,SOUTH BASS ISLAND  OH,OH,US,1985-04-30 17:00:00-07,2025-08-23 17:00:00-07,11,65,188.657,"Bunge North America East LLC | Piqua Power Plant | Versailles Peaking | Celina Solar Project #1, LLC | HMW Minster PV I | HMV Minster Energy Storage System | DG AMP Solar Versailles | DG AMP Solar Piqua Staunton",56328,39523,16805,0.701658,184855,26,16,4,0,0,6,0,0,0,0,0,2016:terminal_aws_missing:2184h; 2000:terminal_aws_missing:2184h; 2007:terminal_aws_missing:2160h; 2006:terminal_aws_missing:2160h; 2005:terminal_aws_missing:2160h; 2001:terminal_aws_missing:2160h; 2021:partial_loaded:1423h; 2025:partial_loaded:777h
fixed_period_gap_causes_20260625T123832Z,plant_ecwt_provisional_fixed_period_20260625T121752Z,999999-63869,FAIRHOPE 3 NE,AL,US,2006-07-12 17:00:00-07,2025-08-27 17:00:00-07,12,7,23.796,"Theodore Cogen Facility | W&T Onshore Treating Facility (OTF) | Yellowhammer Gas Plant | Foley Solar, LLC | Standby Generation Plant | Gulf Coast Solar Center II | Gulf Coast Solar Center III | Chevron Oil",56328,41100,15228,0.729655,182736,18,10,2,0,6,0,0,0,0,0,0,2004:outside_station_metadata_window:2184h; 2000:outside_station_metadata_window:2184h; 2005:outside_station_metadata_window:2160h; 2003:outside_station_metadata_window:2160h; 2002:outside_station_metadata_window:2160h; 2001:outside_station_metadata_window:2160h; 2006:partial_loaded:1416h; 2025:partial_loaded:748h
fixed_period_gap_causes_20260625T123832Z,plant_ecwt_provisional_fixed_period_20260625T121752Z,994700-99999,AUGUSTINE ISLAND,AK,US,2002-07-02 17:00:00-07,2025-08-23 17:00:00-07,9,7,95.271,Naknek | Nunapitchuk | McGrath | Bethel | Aniak | Newhalen | Upper Kalskag | Kasigluk,56328,37489,18839,0.665548,169551,26,15,5,0,2,4,0,0,0,0,0,2016:terminal_aws_missing:2184h; 2000:outside_station_metadata_window:2184h; 2007:terminal_aws_missing:2160h; 2006:terminal_aws_missing:2160h; 2005:terminal_aws_missing:2160h; 2001:outside_station_metadata_window:2160h; 2002:partial_loaded:1424h; 2021:partial_loaded:1422h
fixed_period_gap_causes_20260625T123832Z,plant_ecwt_provisional_fixed_period_20260625T121752Z,703059-99999,KING COVE,,US,2005-09-29 17:00:00-07,2025-08-23 17:00:00-07,10,2,7.725,Sand Point | Dillingham | Togiak | King Cove | Dutch Harbor | Unalaska Power Module | Westward Seafoods | Unisea G 2,56328,39782,16546,0.706256,165460,26,14,7,0,5,0,0,0,0,0,0,2004:outside_station_metadata_window:2184h; 2000:outside_station_metadata_window:2184h; 2003:outside_station_metadata_window:2160h; 2002:outside_station_metadata_window:2160h; 2001:outside_station_metadata_window:2160h; 2005:partial_loaded:1440h; 2021:partial_loaded:1027h; 2006:partial_loaded:785h
fixed_period_gap_causes_20260625T123832Z,plant_ecwt_provisional_fixed_period_20260625T121752Z,718980-99999,PRINCE RUPERT,,CA,1955-07-01 17:00:00-07,2025-08-23 17:00:00-07,19,16,114.150,Swan Lake | Ketchikan | S W Bailey | Craig (AK) | Hydaburg | Purple Lake | Beaver Falls | Silvis,56328,48221,8107,0.856075,154033,25,18,4,0,0,0,0,0,3,0,0,2024:available_raw_not_loaded:2184h; 2015:available_raw_not_loaded:2160h; 2006:available_raw_not_loaded:2160h; 2025:partial_loaded:767h; 2001:partial_loaded:129h; 2021:partial_loaded:126h; 2003:partial_loaded:120h; 2002:complete_loaded:99h
fixed_period_gap_causes_20260625T123832Z,plant_ecwt_provisional_fixed_period_20260625T121752Z,999999-94995,LINCOLN 8 ENE,NE,US,2002-01-14 16:00:00-08,2025-08-27 17:00:00-07,19,81,215.685,Alta Municipal Utilities | Grand Junction | Lamoni Municipal Utilities | Storm Lake 1 | Intrepid | Hardin Hilltop Wind LLC | Rippey Wind Farm | Junction Hilltop Wind Farm,56328,48296,8032,0.857407,152608,11,5,3,0,2,1,0,0,0,0,0,2000:outside_station_metadata_window:2184h; 2006:terminal_aws_missing:2160h; 2001:outside_station_metadata_window:2160h; 2025:partial_loaded:744h; 2002:partial_loaded:459h; 2021:partial_loaded:299h; 2024:complete_loaded:18h; 2008:complete_loaded:3h
fixed_period_gap_causes_20260625T123832Z,plant_ecwt_provisional_fixed_period_20260625T121752Z,712600-99999,SAULT STE MARIE,,CA,1986-04-24 16:00:00-08,2025-08-23 17:00:00-07,37,2,12.453,Gaylord - Consumers | Straits | Manistique | Edison Sault | Presque Isle | Plant Four | James R Smith | Shiras,56328,52738,3590,0.936266,132830,25,21,3,0,0,1,0,0,0,0,0,2005:terminal_aws_missing:2160h; 2025:partial_loaded:766h; 2003:partial_loaded:140h; 2021:partial_loaded:109h; 2004:complete_loaded:108h; 2000:complete_loaded:38h; 2006:complete_loaded:33h; 2024:complete_loaded:31h
fixed_period_gap_causes_20260625T123832Z,plant_ecwt_provisional_fixed_period_20260625T121752Z,999999-64758,ITHACA 13 E,NY,US,2004-10-26 17:00:00-07,2025-08-27 17:00:00-07,11,36,138.389,TalenEnergy Martins Creek LLC Harwood | Hunlock Power Station | TalenEnergy Susquehanna | Panther Creek Energy Facility | Hunlock Unit 4 | PA Solar Park | Romark PA Solar | Hazle Spindle,56328,44525,11803,0.790459,129833,13,4,5,0,4,0,0,0,0,0,0,2000:outside_station_metadata_window:2184h; 2003:outside_station_metadata_window:2160h; 2002:outside_station_metadata_window:2160h; 2001:outside_station_metadata_window:2160h; 2004:partial_loaded:1440h; 2025:partial_loaded:744h; 2019:partial_loaded:510h; 2020:partial_loaded:219h
fixed_period_gap_causes_20260625T123832Z,plant_ecwt_provisional_fixed_period_20260625T121752Z,726140-54742,ST. JOHNSBURY(AMOS),VT,US,1972-12-31 16:00:00-08,2025-08-26 17:00:00-07,15,64,202.123,Skidmore College | Onyx - Saratoga Springs Landfill Solar C | KCE NY 1 | Mechanicville Hydroelectric Station | Ellsworth I CSG | Saratoga Solar LLC | NY - CSG - Ellsworth II | NY8 - ELP Stillwater Solar,56328,47815,8513,0.848867,127695,22,13,8,1,0,0,0,0,0,0,0,2000:empty_loaded:2184h; 2001:partial_loaded:1872h; 2005:partial_loaded:1391h; 2002:partial_loaded:1140h; 2025:partial_loaded:871h; 2023:partial_loaded:291h; 2003:partial_loaded:187h; 2004:partial_loaded:176h
fixed_period_gap_causes_20260625T123832Z,plant_ecwt_provisional_fixed_period_20260625T121752Z,994250-99999,DUNKIRK  NY,,US,1985-04-30 17:00:00-07,2025-08-23 17:00:00-07,10,41,170.774,Blossburg | Shawville | Laurel Hill Wind | Beaver Dam (PA) | Alpaca | CL-Viaduct LLC | Mineral Basin Solar Power | Moonlight Flats Solar Power 1,56328,45160,11168,0.801733,111680,26,19,3,0,0,4,0,0,0,0,0,2016:terminal_aws_missing:2184h; 2007:terminal_aws_missing:2160h; 2006:terminal_aws_missing:2160h; 2005:terminal_aws_missing:2160h; 2015:partial_loaded:810h; 2025:partial_loaded:782h; 2021:partial_loaded:266h; 2024:complete_loaded:64h
fixed_period_gap_causes_20260625T123832Z,plant_ecwt_provisional_fixed_period_20260625T121752Z,999999-04994,GOODRIDGE 12 NNW,MN,US,2003-08-19 17:00:00-07,2025-08-27 17:00:00-07,12,39,165.530,Prairie River | Clay Boswell | Hoot Lake | Detroit Lakes | Hibbing | Fergus Control Ctr | Rapids Energy Center | Lakeswind Power Partners,56328,47485,8843,0.843009,106116,9,3,3,0,3,0,0,0,0,0,0,2000:outside_station_metadata_window:2184h; 2002:outside_station_metadata_window:2160h; 2001:outside_station_metadata_window:2160h; 2003:partial_loaded:1416h; 2025:partial_loaded:744h; 2018:partial_loaded:152h; 2024:complete_loaded:18h; 2004:complete_loaded:5h
fixed_period_gap_causes_20260625T123832Z,plant_ecwt_provisional_fixed_period_20260625T121752Z,997736-99999,PORT WASHINGTON,WI,US,2007-12-31 16:00:00-08,2025-07-02 17:00:00-07,5,80,172.884,Palisades | Berrien Springs | New Covert Generating Facility | Watervliet | Watervliet PV,56328,35361,20967,0.627769,104835,25,13,3,0,8,1,0,0,0,0,0,2016:terminal_aws_missing:2184h; 2004:outside_station_metadata_window:2184h; 2000:outside_station_metadata_window:2184h; 2007:outside_station_metadata_window:2160h; 2006:outside_station_metadata_window:2160h; 2005:outside_station_metadata_window:2160h; 2003:outside_station_metadata_window:2160h; 2002:outside_station_metadata_window:2160h
fixed_period_gap_causes_20260625T123832Z,plant_ecwt_provisional_fixed_period_20260625T121752Z,782290-99999,JUAN GUALBERTO GOMEZ INTL,,CU,1972-12-31 16:00:00-08,2025-08-23 17:00:00-07,9,48,172.757,Big Pine | Turkey Point | G W Ivey | Marathon Generating Plant | Cudjoe | Stock Island | South District Wastewater Treatment Plt | Everglades Solar Energy Center,56328,44717,11611,0.793868,104499,26,12,11,0,0,0,0,0,3,0,0,2024:available_raw_not_loaded:2184h; 2015:available_raw_not_loaded:2160h; 2006:available_raw_not_loaded:2160h; 2025:partial_loaded:763h; 2000:partial_loaded:678h; 2004:partial_loaded:550h; 2005:partial_loaded:532h; 2001:partial_loaded:516h
fixed_period_gap_causes_20260625T123832Z,plant_ecwt_provisional_fixed_period_20260625T121752Z,999999-54854,GAYLORD 9 SSW,MI,US,2007-09-18 17:00:00-07,2025-08-27 17:00:00-07,6,19,102.209,"Central Michigan University | Waste Management Northern Oaks LFGTE | Isabella Wind Park | Willford Solar, LLC | Surrey Road | Mission Road Solar Park",56328,38981,17347,0.692036,104082,10,1,2,0,7,0,0,0,0,0,0,2004:outside_station_metadata_window:2184h; 2000:outside_station_metadata_window:2184h; 2006:outside_station_metadata_window:2160h; 2005:outside_station_metadata_window:2160h; 2003:outside_station_metadata_window:2160h; 2002:outside_station_metadata_window:2160h; 2001:outside_station_metadata_window:2160h; 2007:partial_loaded:1416h
fixed_period_gap_causes_20260625T123832Z,plant_ecwt_provisional_fixed_period_20260625T121752Z,717470-99999,ATIKOKAN (AUT)  ONT,,CA,2001-09-15 17:00:00-07,2025-08-23 17:00:00-07,7,67,211.140,Fond Du Lac | Knife Falls | M L Hibbard | Scanlon | Sappi Cloquet Mill | Jean Duluth Solar | Superior Generation Energy Center,56328,42086,14242,0.747159,99694,26,14,11,0,1,0,0,0,0,0,0,2000:outside_station_metadata_window:2184h; 2001:partial_loaded:2041h; 2004:partial_loaded:1829h; 2003:partial_loaded:1818h; 2002:partial_loaded:1807h; 2012:partial_loaded:1380h; 2013:partial_loaded:1187h; 2025:partial_loaded:785h
fixed_period_gap_causes_20260625T123832Z,plant_ecwt_provisional_fixed_period_20260625T121752Z,717490-99999,THUNDER BAY A,,CA,1955-07-01 17:00:00-07,2025-08-23 17:00:00-07,21,10,102.453,Superior Falls | John H Warden | Prickett | Victoria Dam | Hemlock Falls | Way Dam | Crystal Falls | Portage,56328,51952,4376,0.922312,91896,26,21,5,0,0,0,0,0,0,0,0,2013:partial_loaded:1417h; 2012:partial_loaded:1251h; 2025:partial_loaded:766h; 2011:partial_loaded:399h; 2021:partial_loaded:109h; 2004:complete_loaded:61h; 2003:complete_loaded:59h; 2000:complete_loaded:38h
fixed_period_gap_causes_20260625T123832Z,plant_ecwt_provisional_fixed_period_20260625T121752Z,714410-99999,GRETNA (AUT)  MAN,,CA,1981-10-25 16:00:00-08,2025-08-23 17:00:00-07,16,72,234.392,Moorhead | Moorhead Wind Turbine | Solway CT | American Crystal Sugar Moorhead | Agassiz Beach LLC | Centennial Generating Station | USS Buckaroo Solar LLC CSG | USS Horne North Solar LLC CSG,56328,50638,5690,0.898985,91040,26,19,7,0,0,0,0,0,0,0,0,2000:partial_loaded:1827h; 2001:partial_loaded:1508h; 2025:partial_loaded:791h; 2002:partial_loaded:534h; 2003:partial_loaded:302h; 2021:partial_loaded:168h; 2022:partial_loaded:114h; 2004:complete_loaded:62h
fixed_period_gap_causes_20260625T123832Z,plant_ecwt_provisional_fixed_period_20260625T121752Z,722590-03927,DALLAS/FT WORTH INTERNATIONAL AP,TX,US,1972-12-31 16:00:00-08,2025-08-26 17:00:00-07,3,16,79.978,Bridgeport Gas Processing Plant | Jack County | Keechi Wind,56328,26614,29714,0.472483,89142,26,5,21,0,0,0,0,0,0,0,0,2025:partial_loaded:1663h; 2005:partial_loaded:1442h; 2012:partial_loaded:1438h; 2008:partial_loaded:1429h; 2011:partial_loaded:1427h; 2016:partial_loaded:1417h; 2009:partial_loaded:1412h; 2020:partial_loaded:1410h
fixed_period_gap_causes_20260625T123832Z,plant_ecwt_provisional_fixed_period_20260625T121752Z,716280-99999,OTTAWA MACDONALD CARTIER INTL,,CA,1949-12-31 16:00:00-08,2025-08-23 17:00:00-07,25,66,238.445,R E Ginna Nuclear Power Plant | CH Resources Syracuse | Onondaga County Resource Recovery | Carr Street Generating Station | Phoenix Hydro Project | Town of Williamson Landfill PV | Onondaga County - Metro Water Board | Onondaga County- Jamesville,56328,52895,3433,0.939053,85825,26,24,1,0,0,1,0,0,0,0,0,2005:terminal_aws_missing:2160h; 2025:partial_loaded:765h; 2021:complete_loaded:90h; 2004:complete_loaded:67h; 2003:complete_loaded:66h; 2006:complete_loaded:40h; 2000:complete_loaded:40h; 2024:complete_loaded:33h
fixed_period_gap_causes_20260625T123832Z,plant_ecwt_provisional_fixed_period_20260625T121752Z,999999-27516,UTQIAĠVIK FORMERLY BARROW 4 ENE,AK,US,2002-08-07 17:00:00-07,2025-08-27 17:00:00-07,8,18,294.790,Kotzebue Hybrid | Kiana | Noorvik | Selawik | NSB Point Hope Utility | NSB Point Lay Utility | Noatak | Kivalina,56328,45892,10436,0.814728,83488,13,6,4,0,2,1,0,0,0,0,0,2000:outside_station_metadata_window:2184h; 2006:terminal_aws_missing:2160h; 2001:outside_station_metadata_window:2160h; 2021:partial_loaded:1416h; 2002:partial_loaded:1416h; 2025:partial_loaded:744h; 2020:partial_loaded:295h; 2011:complete_loaded:24h
fixed_period_gap_causes_20260625T123832Z,plant_ecwt_provisional_fixed_period_20260625T121752Z,999999-03062,LOS ALAMOS 13 W,NM,US,2004-07-31 17:00:00-07,2025-08-27 17:00:00-07,6,27,182.336,"Trinidad (CO) | Spanish Peaks Solar | Elk Run | Cimarron Solar Facility | Gallegos Wind Farm, Phase 1 | Springer Solar 1",56328,43276,13052,0.768286,78312,11,4,2,0,4,1,0,0,0,0,0,2000:outside_station_metadata_window:2184h; 2006:terminal_aws_missing:2160h; 2003:outside_station_metadata_window:2160h; 2002:outside_station_metadata_window:2160h; 2001:outside_station_metadata_window:2160h; 2004:partial_loaded:1440h; 2025:partial_loaded:744h; 2024:complete_loaded:19h
fixed_period_gap_causes_20260625T123832Z,plant_ecwt_provisional_fixed_period_20260625T121752Z,999999-63829,NEWTON 11 SW,GA,US,2002-08-26 17:00:00-07,2025-08-27 17:00:00-07,8,94,219.338,Columbia Solar Power Plant | Northern Preserve Solar | Egret Solar Center | Santa Fe Solar Power Plant | Nature Trail | Columbia County Solar | Cedar Trail | Maple Trail,56328,47575,8753,0.844607,70024,21,16,2,0,2,1,0,0,0,0,0,2000:outside_station_metadata_window:2184h; 2006:terminal_aws_missing:2160h; 2001:outside_station_metadata_window:2160h; 2002:partial_loaded:1416h; 2025:partial_loaded:744h; 2024:complete_loaded:18h; 2010:complete_loaded:9h; 2004:complete_loaded:9h
fixed_period_gap_causes_20260625T123832Z,plant_ecwt_provisional_fixed_period_20260625T121752Z,999999-53131,TUCSON 11 W,AZ,US,2002-09-17 17:00:00-07,2025-08-27 17:00:00-07,7,59,292.147,Cholla | Coronado | Prescott Airport | Chino Valley Solar | RE Bagdad Solar I LLC | Prescott Solar Plant | Snowflake A Solar and BESS,56328,46597,9731,0.827244,68117,16,9,4,0,2,1,0,0,0,0,0,2000:outside_station_metadata_window:2184h; 2006:terminal_aws_missing:2160h; 2001:outside_station_metadata_window:2160h; 2002:partial_loaded:1513h; 2025:partial_loaded:744h; 2024:partial_loaded:700h; 2023:partial_loaded:140h; 2003:complete_loaded:93h
fixed_period_gap_causes_20260625T123832Z,plant_ecwt_provisional_fixed_period_20260625T121752Z,994350-99999,WEST POINT  WA,,US,1985-04-30 17:00:00-07,2025-08-23 17:00:00-07,6,40,167.639,Roza | Drop 2 (WA) | Drop 3 (WA) | Orchard Avenue 1 | Cowiche | Goose Prairie Solar,56328,45190,11138,0.802265,66828,26,17,5,0,0,4,0,0,0,0,0,2016:terminal_aws_missing:2184h; 2007:terminal_aws_missing:2160h; 2006:terminal_aws_missing:2160h; 2005:terminal_aws_missing:2160h; 2025:partial_loaded:780h; 2023:partial_loaded:551h; 2020:partial_loaded:318h; 2021:partial_loaded:194h
fixed_period_gap_causes_20260625T123832Z,plant_ecwt_provisional_fixed_period_20260625T121752Z,999999-94080,MEDORA 7 E,ND,US,2004-09-17 17:00:00-07,2025-08-27 17:00:00-07,6,26,230.450,"Badger Wind, LLC | Spearfish Hydro | Campbell County Wind Farm | Willow Creek Wind Power LLC | Wild Springs | Arvada",56328,45251,11077,0.803348,66462,9,2,3,0,4,0,0,0,0,0,0,2000:outside_station_metadata_window:2184h; 2003:outside_station_metadata_window:2160h; 2002:outside_station_metadata_window:2160h; 2001:outside_station_metadata_window:2160h; 2004:partial_loaded:1440h; 2025:partial_loaded:744h; 2010:partial_loaded:149h; 2024:complete_loaded:78h
fixed_period_gap_causes_20260625T123832Z,plant_ecwt_provisional_fixed_period_20260625T121752Z,998177-99999,LAKE MURRAY,SC,US,2008-01-15 16:00:00-08,2025-08-23 17:00:00-07,3,46,109.407,Monroe Middle School | Monroe Moore Farm | Monroe Solar Facility,56328,34238,22090,0.607833,66270,26,13,4,0,8,1,0,0,0,0,0,2016:terminal_aws_missing:2184h; 2004:outside_station_metadata_window:2184h; 2000:outside_station_metadata_window:2184h; 2007:outside_station_metadata_window:2160h; 2006:outside_station_metadata_window:2160h; 2005:outside_station_metadata_window:2160h; 2003:outside_station_metadata_window:2160h; 2002:outside_station_metadata_window:2160h
fixed_period_gap_causes_20260625T123832Z,plant_ecwt_provisional_fixed_period_20260625T121752Z,997782-99999,DOMINION TERMINAL ASSOCIATION,VA,US,2007-12-31 16:00:00-08,2025-08-23 17:00:00-07,3,41,115.292,Lewiston Solar | Kelford (Duke) | Kelford (Cypress),56328,34583,21745,0.613958,65235,26,12,5,0,8,1,0,0,0,0,0,2016:terminal_aws_missing:2184h; 2004:outside_station_metadata_window:2184h; 2000:outside_station_metadata_window:2184h; 2007:outside_station_metadata_window:2160h; 2006:outside_station_metadata_window:2160h; 2005:outside_station_metadata_window:2160h; 2003:outside_station_metadata_window:2160h; 2002:outside_station_metadata_window:2160h
fixed_period_gap_causes_20260625T123832Z,plant_ecwt_provisional_fixed_period_20260625T121752Z,999999-54810,CHATHAM 1 SE,MI,US,2004-11-09 16:00:00-08,2025-08-27 17:00:00-07,5,56,186.351,Eagle River | Tomahawk | Packaging of America Tomahawk Mill | Rhinelander Mill | Hodag Solar,56328,45453,10875,0.806934,54375,11,5,2,0,4,0,0,0,0,0,0,2000:outside_station_metadata_window:2184h; 2003:outside_station_metadata_window:2160h; 2002:outside_station_metadata_window:2160h; 2001:outside_station_metadata_window:2160h; 2004:partial_loaded:1440h; 2025:partial_loaded:744h; 2024:complete_loaded:19h; 2007:complete_loaded:4h
fixed_period_gap_causes_20260625T123832Z,plant_ecwt_provisional_fixed_period_20260625T121752Z,710010-99999,BURWASH,,CA,2004-12-31 16:00:00-08,2025-08-23 17:00:00-07,3,85,387.113,Solomon Gulch | Valdez Cogen | Allison Creek Hydro,56328,42090,14238,0.747231,42714,26,18,2,0,5,1,0,0,0,0,0,2004:outside_station_metadata_window:2184h; 2000:outside_station_metadata_window:2184h; 2013:terminal_aws_missing:2160h; 2003:outside_station_metadata_window:2160h; 2002:outside_station_metadata_window:2160h; 2001:outside_station_metadata_window:2160h; 2025:partial_loaded:765h; 2021:partial_loaded:121h
fixed_period_gap_causes_20260625T123832Z,plant_ecwt_provisional_fixed_period_20260625T121752Z,999999-94078,LANDER 11 SSE,WY,US,2004-07-02 17:00:00-07,2025-08-27 17:00:00-07,3,13,143.247,General Chemical | Genesis Alkali | Sweetwater Solar,56328,43065,13263,0.764540,39789,21,14,2,0,4,1,0,0,0,0,0,2000:outside_station_metadata_window:2184h; 2006:terminal_aws_missing:2160h; 2003:outside_station_metadata_window:2160h; 2002:outside_station_metadata_window:2160h; 2001:outside_station_metadata_window:2160h; 2004:partial_loaded:1440h; 2025:partial_loaded:755h; 2017:complete_loaded:53h
fixed_period_gap_causes_20260625T123832Z,plant_ecwt_provisional_fixed_period_20260625T121752Z,716230-99999,LONDON,,CA,1955-07-01 17:00:00-07,2025-08-23 17:00:00-07,5,69,190.016,"Carbon Limestone | Matador Solar | Wabtec U.S Rail, Grove City Engine Plant | Hickory Run Energy Station | MC Solar",56328,48521,7807,0.861401,39035,26,20,3,0,0,0,0,0,3,0,0,2024:available_raw_not_loaded:2184h; 2015:available_raw_not_loaded:2160h; 2006:available_raw_not_loaded:2160h; 2025:partial_loaded:766h; 2003:partial_loaded:111h; 2021:partial_loaded:109h; 2004:complete_loaded:102h; 2000:complete_loaded:36h
fixed_period_gap_causes_20260625T123832Z,plant_ecwt_provisional_fixed_period_20260625T121752Z,719570-99999,INUVIK MIKE ZUBKO,,CA,1958-11-12 16:00:00-08,2025-08-23 17:00:00-07,5,40,447.592,Gwitchyaa Zhee | NSB Kaktovik Utility | NSB Nuiqsut Utility | TNSG South Plant | TNSG North Plant,56328,48570,7758,0.862271,38790,26,22,1,0,0,0,0,0,3,0,0,2024:available_raw_not_loaded:2184h; 2015:available_raw_not_loaded:2160h; 2006:available_raw_not_loaded:2160h; 2025:partial_loaded:765h; 2003:complete_loaded:94h; 2021:complete_loaded:86h; 2004:complete_loaded:59h; 2000:complete_loaded:36h
fixed_period_gap_causes_20260625T123832Z,plant_ecwt_provisional_fixed_period_20260625T121752Z,713730-99999,FRELIGHSBURG  QUE,,CA,1992-05-04 17:00:00-07,2025-08-23 17:00:00-07,11,84,186.518,"Eastman Falls | Stevens Mills Dam | NE Renewable Springfield, LLC | Lower Village Water Power Project | Wheelabrator Claremont Facility | Lochmere Hydroelectric Plant | Bald Mountain Solar | Ascutney",56328,52877,3451,0.938734,37961,26,19,7,0,0,0,0,0,0,0,0,2000:partial_loaded:852h; 2025:partial_loaded:810h; 2003:partial_loaded:343h; 2002:partial_loaded:294h; 2021:partial_loaded:206h; 2001:partial_loaded:183h; 2004:partial_loaded:175h; 2022:complete_loaded:99h
fixed_period_gap_causes_20260625T123832Z,plant_ecwt_provisional_fixed_period_20260625T121752Z,994420-99999,DAUPHIN ISLAND  AL,,US,1987-02-18 16:00:00-08,2021-12-16 16:00:00-08,2,87,172.388,Buras | Toca Plant,56328,37610,18718,0.667696,37436,25,14,3,0,4,4,0,0,0,0,0,2024:outside_station_metadata_window:2184h; 2016:terminal_aws_missing:2184h; 2025:outside_station_metadata_window:2160h; 2023:outside_station_metadata_window:2160h; 2022:outside_station_metadata_window:2160h; 2007:terminal_aws_missing:2160h; 2006:terminal_aws_missing:2160h; 2005:terminal_aws_missing:2160h
fixed_period_gap_causes_20260625T123832Z,plant_ecwt_provisional_fixed_period_20260625T121752Z,780730-99999,NASSAU INTL / LYNDEN PINDLING INTL,,BS,1972-12-31 16:00:00-08,2025-08-23 17:00:00-07,3,94,281.182,Cutler | Central District Wastewater Treat Plant | Wynwood Energy Storage,56328,44005,12323,0.781228,36969,26,7,16,0,0,0,0,0,3,0,0,2024:available_raw_not_loaded:2184h; 2015:available_raw_not_loaded:2160h; 2006:available_raw_not_loaded:2160h; 2025:partial_loaded:765h; 2007:partial_loaded:644h; 2003:partial_loaded:632h; 2004:partial_loaded:480h; 2005:partial_loaded:390h
fixed_period_gap_causes_20260625T123832Z,plant_ecwt_provisional_fixed_period_20260625T121752Z,999999-04130,ST. MARY 1 SSW,MT,US,2003-09-24 17:00:00-07,2025-08-27 17:00:00-07,3,89,393.202,Salmon Diesel | Apex Solar | Anthelope Hills Solar Generation BESS,56328,45482,10846,0.807449,32538,9,3,2,0,3,1,0,0,0,0,0,2000:outside_station_metadata_window:2184h; 2006:terminal_aws_missing:2160h; 2002:outside_station_metadata_window:2160h; 2001:outside_station_metadata_window:2160h; 2003:partial_loaded:1416h; 2025:partial_loaded:744h; 2024:complete_loaded:19h; 2004:complete_loaded:2h
fixed_period_gap_causes_20260625T123832Z,plant_ecwt_provisional_fixed_period_20260625T121752Z,998218-99999,SHELL BEACH,LA,US,2008-10-21 17:00:00-07,2025-08-23 17:00:00-07,1,28,74.474,Grand Isle Gas Plant / Treating Station,56328,32702,23626,0.580564,23626,26,10,7,0,8,1,0,0,0,0,0,2016:terminal_aws_missing:2184h; 2004:outside_station_metadata_window:2184h; 2000:outside_station_metadata_window:2184h; 2007:outside_station_metadata_window:2160h; 2006:outside_station_metadata_window:2160h; 2005:outside_station_metadata_window:2160h; 2003:outside_station_metadata_window:2160h; 2002:outside_station_metadata_window:2160h
fixed_period_gap_causes_20260625T123832Z,plant_ecwt_provisional_fixed_period_20260625T121752Z,719530-99999,WATSON LAKE,,CA,1942-03-31 17:00:00-07,2025-08-23 17:00:00-07,3,83,456.342,Wrangell | Thorne Bay Plant | Tyee Lake Hydroelectric Facility,56328,48499,7829,0.861011,23487,26,21,2,0,0,0,0,0,3,0,0,2024:available_raw_not_loaded:2184h; 2015:available_raw_not_loaded:2160h; 2006:available_raw_not_loaded:2160h; 2025:partial_loaded:772h; 2021:partial_loaded:115h; 2003:complete_loaded:100h; 2004:complete_loaded:57h; 2000:complete_loaded:51h
fixed_period_gap_causes_20260625T123832Z,plant_ecwt_provisional_fixed_period_20260625T121752Z,999999-53927,STILLWATER 5 WNW,OK,US,2002-03-11 16:00:00-08,2025-08-27 17:00:00-07,2,98,315.062,Ensign Wind LLC | Bluestem,56328,47366,8962,0.840896,17924,12,6,3,0,2,1,0,0,0,0,0,2000:outside_station_metadata_window:2184h; 2006:terminal_aws_missing:2160h; 2001:outside_station_metadata_window:2160h; 2002:partial_loaded:1477h; 2025:partial_loaded:744h; 2020:partial_loaded:196h; 2024:complete_loaded:18h; 2004:complete_loaded:11h
fixed_period_gap_causes_20260625T123832Z,plant_ecwt_provisional_fixed_period_20260625T121752Z,999999-53877,ASHEVILLE 8 SSW,NC,US,2000-11-19 16:00:00-08,2025-08-27 17:00:00-07,2,89,273.896,Wolf Creek | Blue Ridge Generating,56328,47379,8949,0.841127,17898,13,7,3,1,0,2,0,0,0,0,0,2000:empty_loaded:2184h; 2007:terminal_aws_missing:2160h; 2006:terminal_aws_missing:2160h; 2001:partial_loaded:1419h; 2025:partial_loaded:744h; 2009:partial_loaded:236h; 2024:complete_loaded:20h; 2005:complete_loaded:11h
fixed_period_gap_causes_20260625T123832Z,plant_ecwt_provisional_fixed_period_20260625T121752Z,999999-54796,KINGSTON 1 NW,RI,US,2001-12-15 16:00:00-08,2025-08-27 17:00:00-07,2,99,160.342,Falls Village | Truck Stop,56328,49258,7070,0.874485,14140,15,11,2,0,1,1,0,0,0,0,0,2000:outside_station_metadata_window:2184h; 2017:terminal_aws_missing:2160h; 2001:partial_loaded:1826h; 2025:partial_loaded:744h; 2005:complete_loaded:44h; 2023:complete_loaded:36h; 2002:complete_loaded:24h; 2024:complete_loaded:19h
fixed_period_gap_causes_20260625T123832Z,plant_ecwt_provisional_fixed_period_20260625T121752Z,999999-53136,MERCURY 3 SSW,NV,US,2001-05-23 17:00:00-07,2025-08-27 17:00:00-07,1,88,310.026,Parker Dam,56328,43276,13052,0.768286,13052,16,9,2,1,1,3,0,0,0,0,0,2000:outside_station_metadata_window:2184h; 2006:terminal_aws_missing:2160h; 2003:terminal_aws_missing:2160h; 2002:terminal_aws_missing:2160h; 2001:empty_loaded:2160h; 2004:partial_loaded:1440h; 2025:partial_loaded:744h; 2024:complete_loaded:20h
fixed_period_gap_causes_20260625T123832Z,plant_ecwt_provisional_fixed_period_20260625T121752Z,718620-99999,ESTEVAN A,,CA,1955-07-01 17:00:00-07,2025-08-23 17:00:00-07,1,78,350.680,"Thunder Spirit Wind, LLC",56328,52422,3906,0.930656,3906,24,20,3,0,0,1,0,0,0,0,0,2005:terminal_aws_missing:2160h; 2025:partial_loaded:764h; 2016:partial_loaded:211h; 2021:partial_loaded:163h; 2015:complete_loaded:99h; 2004:complete_loaded:98h; 2003:complete_loaded:97h; 2006:complete_loaded:37h
