eia_plant_code,plant_name,plant_state,station_id,station_name,station_country,station_state,selected_distance_km,selected_rank_order,coverage_ratio,governing_ecwt_f,risk_flags,qualifying_scenarios,qualifying_scenario_count
54249,Smith Falls Hydro Project,ID,717700-99999,CRESTON CAMPBELL SCIENTIFIC  BC,CA,,14.351,1,0.968222,-5.080,station_country_not_us;station_state_missing;coverage_below_0_97,us_ca_practical;us_ca_distance_cap_150;fixed_coverage_only,3
6506,Moyie Springs,ID,717700-99999,CRESTON CAMPBELL SCIENTIFIC  BC,CA,,45.501,2,0.968222,-5.080,selected_rank_gt_1;station_country_not_us;station_state_missing;coverage_below_0_97,us_ca_practical;us_ca_distance_cap_150;fixed_coverage_only,3
10555,Brassua Hydroelectric Project,ME,713230-99999,BEAUCEVILLE  QUE,CA,,96.119,4,0.953806,-24.160,distance_gt_75km;selected_rank_gt_3;station_country_not_us;station_state_missing;coverage_below_0_97,us_ca_distance_cap_150;fixed_coverage_only,2
1492,Harris Hydro,ME,713230-99999,BEAUCEVILLE  QUE,CA,,108.790,7,0.953806,-24.160,distance_gt_75km;selected_rank_gt_3;station_country_not_us;station_state_missing;coverage_below_0_97,us_ca_distance_cap_150;fixed_coverage_only,2
50650,ReEnergy Stratton LLC,ME,716100-99999,SHERBROOKE,CA,,104.403,6,0.967671,-25.600,distance_gt_75km;selected_rank_gt_3;station_country_not_us;station_state_missing;coverage_below_0_97,us_ca_distance_cap_150;fixed_coverage_only,2
50999,Aziscohos Hydroelectric Project,ME,716100-99999,SHERBROOKE,CA,,77.357,5,0.967671,-25.600,distance_gt_75km;selected_rank_gt_3;station_country_not_us;station_state_missing;coverage_below_0_97,us_ca_distance_cap_150;fixed_coverage_only,2
56829,Kibby Wind Facility,ME,716100-99999,SHERBROOKE,CA,,91.150,3,0.967671,-25.600,distance_gt_75km;selected_rank_gt_1;station_country_not_us;station_state_missing;coverage_below_0_97,us_ca_distance_cap_150;fixed_coverage_only,2
66962,ME Novel Lighthouse - Carrabassett,ME,716100-99999,SHERBROOKE,CA,,112.095,6,0.967671,-25.600,distance_gt_75km;selected_rank_gt_3;station_country_not_us;station_state_missing;coverage_below_0_97,us_ca_distance_cap_150;fixed_coverage_only,2
1731,Harbor Beach,MI,712610-99999,GODERICH  ONT,CA,,74.950,8,0.957730,-12.499,distance_gt_50km;selected_rank_gt_3;station_country_not_us;station_state_missing;coverage_below_0_97,us_ca_practical;us_ca_distance_cap_150;fixed_coverage_only,3
2203,Hungry Horse,MT,711540-99999,WATERTON PARK GATE,CA,,89.191,5,0.953504,-32.800,distance_gt_75km;selected_rank_gt_3;station_country_not_us;station_state_missing;coverage_below_0_97,us_ca_distance_cap_150;fixed_coverage_only,2
56499,Tiber Dam Hydroelectric Plant,MT,711160-99999,ONEFOUR CDA  ALTA,CA,,100.310,10,0.962967,-28.573,distance_gt_75km;selected_rank_gt_3;station_country_not_us;station_state_missing;coverage_below_0_97,us_ca_distance_cap_150;fixed_coverage_only,2
56606,Culbertson Generation Station,MT,715160-99999,CORONACH SPC  SASK,CA,,123.110,10,0.950149,-32.800,distance_gt_75km;selected_rank_gt_3;station_country_not_us;station_state_missing;coverage_below_0_97,us_ca_distance_cap_150;fixed_coverage_only,2
56833,OREG 1 Inc,MT,715160-99999,CORONACH SPC  SASK,CA,,122.500,10,0.950149,-32.800,distance_gt_75km;selected_rank_gt_3;station_country_not_us;station_state_missing;coverage_below_0_97,us_ca_distance_cap_150;fixed_coverage_only,2
56880,OREG 2 Inc,MT,715160-99999,CORONACH SPC  SASK,CA,,122.475,10,0.950149,-32.800,distance_gt_75km;selected_rank_gt_3;station_country_not_us;station_state_missing;coverage_below_0_97,us_ca_distance_cap_150;fixed_coverage_only,2
58523,Stoltze CoGen1,MT,711540-99999,WATERTON PARK GATE,CA,,88.507,5,0.953504,-32.800,distance_gt_75km;selected_rank_gt_3;station_country_not_us;station_state_missing;coverage_below_0_97,us_ca_distance_cap_150;fixed_coverage_only,2
60595,Sand Creek Wind Farm,MT,715160-99999,CORONACH SPC  SASK,CA,,126.656,7,0.950149,-32.800,distance_gt_75km;selected_rank_gt_3;station_country_not_us;station_state_missing;coverage_below_0_97,us_ca_distance_cap_150;fixed_coverage_only,2
6172,Libby,MT,717700-99999,CRESTON CAMPBELL SCIENTIFIC  BC,CA,,114.721,7,0.968222,-5.080,distance_gt_75km;selected_rank_gt_3;station_country_not_us;station_state_missing;coverage_below_0_97,us_ca_distance_cap_150;fixed_coverage_only,2
64505,Flathead Landfill to Gas Energy Facility,MT,711540-99999,WATERTON PARK GATE,CA,,98.976,5,0.953504,-32.800,distance_gt_75km;selected_rank_gt_3;station_country_not_us;station_state_missing;coverage_below_0_97,us_ca_distance_cap_150;fixed_coverage_only,2
6459,Big Fork,MT,711540-99999,WATERTON PARK GATE,CA,,120.851,5,0.953504,-32.800,distance_gt_75km;selected_rank_gt_3;station_country_not_us;station_state_missing;coverage_below_0_97,us_ca_distance_cap_150;fixed_coverage_only,2
6623,Fort Peck,MT,715160-99999,CORONACH SPC  SASK,CA,,134.159,8,0.950149,-32.800,distance_gt_75km;selected_rank_gt_3;station_country_not_us;station_state_missing;coverage_below_0_97,us_ca_distance_cap_150;fixed_coverage_only,2
55638,Walhalla,ND,711470-99999,CARMAN U OF M CS  MAN,CA,,66.578,8,0.969695,-31.000,distance_gt_50km;selected_rank_gt_3;station_country_not_us;station_state_missing;coverage_below_0_97,us_ca_practical;us_ca_distance_cap_150;fixed_coverage_only,3
56605,"Langdon Renewables, LLC",ND,711480-99999,PILOT MOUND (AUT),CA,,74.894,9,0.960552,-31.000,distance_gt_50km;selected_rank_gt_3;station_country_not_us;station_state_missing;coverage_below_0_97,us_ca_practical;us_ca_distance_cap_150;fixed_coverage_only,3
56912,Langdon Wind II LLC,ND,711480-99999,PILOT MOUND (AUT),CA,,74.909,9,0.960552,-31.000,distance_gt_50km;selected_rank_gt_3;station_country_not_us;station_state_missing;coverage_below_0_97,us_ca_practical;us_ca_distance_cap_150;fixed_coverage_only,3
57033,Langdon Wind Energy Center,ND,711480-99999,PILOT MOUND (AUT),CA,,74.787,9,0.960552,-31.000,distance_gt_50km;selected_rank_gt_3;station_country_not_us;station_state_missing;coverage_below_0_97,us_ca_practical;us_ca_distance_cap_150;fixed_coverage_only,3
59200,Border Winds Wind Farm,ND,711480-99999,PILOT MOUND (AUT),CA,,57.386,2,0.960552,-31.000,distance_gt_50km;selected_rank_gt_1;station_country_not_us;station_state_missing;coverage_below_0_97,us_ca_practical;us_ca_distance_cap_150;fixed_coverage_only,3
57192,Spring Valley Wind Project,NV,724797-23176,MILFORD MUNI BRISCOE,US,UT,148.993,9,0.951374,-9.940,distance_gt_75km;selected_rank_gt_3;plant_station_state_mismatch;coverage_below_0_97;shared_station_gt_25_plants,us_fixed_gate_only;us_ca_distance_cap_150;fixed_coverage_only,3
68017,Cooper Canyon Renewable Energy,NV,724797-23176,MILFORD MUNI BRISCOE,US,UT,149.459,9,0.951374,-9.940,distance_gt_75km;selected_rank_gt_3;plant_station_state_mismatch;coverage_below_0_97;shared_station_gt_25_plants,us_fixed_gate_only;us_ca_distance_cap_150;fixed_coverage_only,3
10220,Sissonville Hydro,NY,717120-99999,ST ANICET 1  QUE,CA,,74.269,10,0.963162,-23.620,distance_gt_50km;selected_rank_gt_3;station_country_not_us;station_state_missing;coverage_below_0_97;shared_station_gt_25_plants,us_ca_practical;us_ca_distance_cap_150;fixed_coverage_only,3
2540,Allens Falls,NY,717120-99999,ST ANICET 1  QUE,CA,,68.165,7,0.963162,-23.620,distance_gt_50km;selected_rank_gt_3;station_country_not_us;station_state_missing;coverage_below_0_97;shared_station_gt_25_plants,us_ca_practical;us_ca_distance_cap_150;fixed_coverage_only,3
2547,Blake,NY,717120-99999,ST ANICET 1  QUE,CA,,77.368,6,0.963162,-23.620,distance_gt_75km;selected_rank_gt_3;station_country_not_us;station_state_missing;coverage_below_0_97;shared_station_gt_25_plants,us_ca_distance_cap_150;fixed_coverage_only,2
2550,Chasm,NY,717120-99999,ST ANICET 1  QUE,CA,,40.775,3,0.963162,-23.620,selected_rank_gt_1;station_country_not_us;station_state_missing;coverage_below_0_97;shared_station_gt_25_plants,us_ca_practical;us_ca_distance_cap_150;fixed_coverage_only,3
2551,Colton,NY,717120-99999,ST ANICET 1  QUE,CA,,79.673,10,0.963162,-23.620,distance_gt_75km;selected_rank_gt_3;station_country_not_us;station_state_missing;coverage_below_0_97;shared_station_gt_25_plants,us_ca_distance_cap_150;fixed_coverage_only,2
2561,East Norfolk,NY,717120-99999,ST ANICET 1  QUE,CA,,65.630,9,0.963162,-23.620,distance_gt_50km;selected_rank_gt_3;station_country_not_us;station_state_missing;coverage_below_0_97;shared_station_gt_25_plants,us_ca_practical;us_ca_distance_cap_150;fixed_coverage_only,3
2562,Five Falls,NY,717120-99999,ST ANICET 1  QUE,CA,,79.315,7,0.963162,-23.620,distance_gt_75km;selected_rank_gt_3;station_country_not_us;station_state_missing;coverage_below_0_97;shared_station_gt_25_plants,us_ca_distance_cap_150;fixed_coverage_only,2
2571,Hannawa,NY,717120-99999,ST ANICET 1  QUE,CA,,77.610,10,0.963162,-23.620,distance_gt_75km;selected_rank_gt_3;station_country_not_us;station_state_missing;coverage_below_0_97;shared_station_gt_25_plants,us_ca_distance_cap_150;fixed_coverage_only,2
2583,Macomb,NY,717120-99999,ST ANICET 1  QUE,CA,,26.713,1,0.963162,-23.620,station_country_not_us;station_state_missing;coverage_below_0_97;shared_station_gt_25_plants,us_ca_practical;us_ca_distance_cap_150;fixed_coverage_only,3
2590,Norfolk,NY,717120-99999,ST ANICET 1  QUE,CA,,66.042,9,0.963162,-23.620,distance_gt_50km;selected_rank_gt_3;station_country_not_us;station_state_missing;coverage_below_0_97;shared_station_gt_25_plants,us_ca_practical;us_ca_distance_cap_150;fixed_coverage_only,3
2591,Norwood,NY,717120-99999,ST ANICET 1  QUE,CA,,70.317,8,0.963162,-23.620,distance_gt_50km;selected_rank_gt_3;station_country_not_us;station_state_missing;coverage_below_0_97;shared_station_gt_25_plants,us_ca_practical;us_ca_distance_cap_150;fixed_coverage_only,3
2597,Parishville,NY,717120-99999,ST ANICET 1  QUE,CA,,69.006,6,0.963162,-23.620,distance_gt_50km;selected_rank_gt_3;station_country_not_us;station_state_missing;coverage_below_0_97;shared_station_gt_25_plants,us_ca_practical;us_ca_distance_cap_150;fixed_coverage_only,3
2598,Piercefield,NY,717120-99999,ST ANICET 1  QUE,CA,,100.770,9,0.963162,-23.620,distance_gt_75km;selected_rank_gt_3;station_country_not_us;station_state_missing;coverage_below_0_97;shared_station_gt_25_plants,us_ca_distance_cap_150;fixed_coverage_only,2
2600,Rainbow Falls Hydro,NY,717120-99999,ST ANICET 1  QUE,CA,,79.070,7,0.963162,-23.620,distance_gt_75km;selected_rank_gt_3;station_country_not_us;station_state_missing;coverage_below_0_97;shared_station_gt_25_plants,us_ca_distance_cap_150;fixed_coverage_only,2
2601,Raymondville,NY,717120-99999,ST ANICET 1  QUE,CA,,63.180,8,0.963162,-23.620,distance_gt_50km;selected_rank_gt_3;station_country_not_us;station_state_missing;coverage_below_0_97;shared_station_gt_25_plants,us_ca_practical;us_ca_distance_cap_150;fixed_coverage_only,3
2611,South Colton,NY,717120-99999,ST ANICET 1  QUE,CA,,82.139,9,0.963162,-23.620,distance_gt_75km;selected_rank_gt_3;station_country_not_us;station_state_missing;coverage_below_0_97;shared_station_gt_25_plants,us_ca_distance_cap_150;fixed_coverage_only,2
2613,Stark,NY,717120-99999,ST ANICET 1  QUE,CA,,82.699,7,0.963162,-23.620,distance_gt_75km;selected_rank_gt_3;station_country_not_us;station_state_missing;coverage_below_0_97;shared_station_gt_25_plants,us_ca_distance_cap_150;fixed_coverage_only,2
2616,Sugar Island,NY,717120-99999,ST ANICET 1  QUE,CA,,75.980,10,0.963162,-23.620,distance_gt_75km;selected_rank_gt_3;station_country_not_us;station_state_missing;coverage_below_0_97;shared_station_gt_25_plants,us_ca_distance_cap_150;fixed_coverage_only,2
2624,Yaleville,NY,717120-99999,ST ANICET 1  QUE,CA,,68.588,8,0.963162,-23.620,distance_gt_50km;selected_rank_gt_3;station_country_not_us;station_state_missing;coverage_below_0_97;shared_station_gt_25_plants,us_ca_practical;us_ca_distance_cap_150;fixed_coverage_only,3
2694,Robert Moses Power Dam,NY,717120-99999,ST ANICET 1  QUE,CA,,42.468,5,0.963162,-23.620,selected_rank_gt_3;station_country_not_us;station_state_missing;coverage_below_0_97;shared_station_gt_25_plants,us_ca_practical;us_ca_distance_cap_150;fixed_coverage_only,3
50093,Chateaugay High Falls Hydro,NY,717120-99999,ST ANICET 1  QUE,CA,,27.759,3,0.963162,-23.620,selected_rank_gt_1;station_country_not_us;station_state_missing;coverage_below_0_97;shared_station_gt_25_plants,us_ca_practical;us_ca_distance_cap_150;fixed_coverage_only,3
50268,Hewittville Hydroelectric,NY,717120-99999,ST ANICET 1  QUE,CA,,73.185,9,0.963162,-23.620,distance_gt_50km;selected_rank_gt_3;station_country_not_us;station_state_missing;coverage_below_0_97;shared_station_gt_25_plants,us_ca_practical;us_ca_distance_cap_150;fixed_coverage_only,3
50269,Unionville Hydro Project 2499 NY,NY,717120-99999,ST ANICET 1  QUE,CA,,71.834,8,0.963162,-23.620,distance_gt_50km;selected_rank_gt_3;station_country_not_us;station_state_missing;coverage_below_0_97;shared_station_gt_25_plants,us_ca_practical;us_ca_distance_cap_150;fixed_coverage_only,3
50315,Chasm Hydro Partnership,NY,717120-99999,ST ANICET 1  QUE,CA,,24.569,2,0.963162,-23.620,selected_rank_gt_1;station_country_not_us;station_state_missing;coverage_below_0_97;shared_station_gt_25_plants,us_ca_practical;us_ca_distance_cap_150;fixed_coverage_only,3
54592,Massena Energy Facility,NY,717120-99999,ST ANICET 1  QUE,CA,,51.379,5,0.963162,-23.620,distance_gt_50km;selected_rank_gt_3;station_country_not_us;station_state_missing;coverage_below_0_97;shared_station_gt_25_plants,us_ca_practical;us_ca_distance_cap_150;fixed_coverage_only,3
56618,Clinton,NY,717120-99999,ST ANICET 1  QUE,CA,,33.215,5,0.963162,-23.620,selected_rank_gt_3;station_country_not_us;station_state_missing;coverage_below_0_97;shared_station_gt_25_plants,us_ca_practical;us_ca_distance_cap_150;fixed_coverage_only,3
56619,Ellenburg,NY,717120-99999,ST ANICET 1  QUE,CA,,33.215,5,0.963162,-23.620,selected_rank_gt_3;station_country_not_us;station_state_missing;coverage_below_0_97;shared_station_gt_25_plants,us_ca_practical;us_ca_distance_cap_150;fixed_coverage_only,3
56857,Marble River Wind Farm,NY,716140-99999,STE CLOTHILDE  QUE,CA,,29.623,6,0.956913,-23.080,selected_rank_gt_3;station_country_not_us;station_state_missing;coverage_below_0_97;shared_station_gt_10_plants,us_ca_practical;us_ca_distance_cap_150;fixed_coverage_only,3
56901,Altona,NY,716140-99999,STE CLOTHILDE  QUE,CA,,38.428,8,0.956913,-23.080,selected_rank_gt_3;station_country_not_us;station_state_missing;coverage_below_0_97;shared_station_gt_10_plants,us_ca_practical;us_ca_distance_cap_150;fixed_coverage_only,3
56904,Chateaugay,NY,717120-99999,ST ANICET 1  QUE,CA,,31.993,3,0.963162,-23.620,selected_rank_gt_1;station_country_not_us;station_state_missing;coverage_below_0_97;shared_station_gt_25_plants,us_ca_practical;us_ca_distance_cap_150;fixed_coverage_only,3
59623,Clarkson Solar,NY,717120-99999,ST ANICET 1  QUE,CA,,72.145,9,0.963162,-23.620,distance_gt_50km;selected_rank_gt_3;station_country_not_us;station_state_missing;coverage_below_0_97;shared_station_gt_25_plants,us_ca_practical;us_ca_distance_cap_150;fixed_coverage_only,3
59629,Jericho Rise Wind Farm LLC,NY,717120-99999,ST ANICET 1  QUE,CA,,29.033,2,0.963162,-23.620,selected_rank_gt_1;station_country_not_us;station_state_missing;coverage_below_0_97;shared_station_gt_25_plants,us_ca_practical;us_ca_distance_cap_150;fixed_coverage_only,3
62507,County Route 11 Community Solar Farm,NY,716140-99999,STE CLOTHILDE  QUE,CA,,25.809,5,0.956913,-23.080,selected_rank_gt_3;station_country_not_us;station_state_missing;coverage_below_0_97;shared_station_gt_10_plants,us_ca_practical;us_ca_distance_cap_150;fixed_coverage_only,3
62530,Boas Rd #1 Community Solar Farm,NY,716140-99999,STE CLOTHILDE  QUE,CA,,25.881,5,0.956913,-23.080,selected_rank_gt_3;station_country_not_us;station_state_missing;coverage_below_0_97;shared_station_gt_10_plants,us_ca_practical;us_ca_distance_cap_150;fixed_coverage_only,3
62531,Boas Rd #2 Community Solar Farm,NY,716140-99999,STE CLOTHILDE  QUE,CA,,26.002,5,0.956913,-23.080,selected_rank_gt_3;station_country_not_us;station_state_missing;coverage_below_0_97;shared_station_gt_10_plants,us_ca_practical;us_ca_distance_cap_150;fixed_coverage_only,3
62532,Boas Rd #3 Community Solar Farm,NY,716140-99999,STE CLOTHILDE  QUE,CA,,25.962,5,0.956913,-23.080,selected_rank_gt_3;station_country_not_us;station_state_missing;coverage_below_0_97;shared_station_gt_10_plants,us_ca_practical;us_ca_distance_cap_150;fixed_coverage_only,3
62533,Boas Rd #4 Community Solar Farm,NY,716140-99999,STE CLOTHILDE  QUE,CA,,26.466,5,0.956913,-23.080,selected_rank_gt_3;station_country_not_us;station_state_missing;coverage_below_0_97;shared_station_gt_10_plants,us_ca_practical;us_ca_distance_cap_150;fixed_coverage_only,3
62784,Franklin Solar Site,NY,717120-99999,ST ANICET 1  QUE,CA,,27.714,1,0.963162,-23.620,station_country_not_us;station_state_missing;coverage_below_0_97;shared_station_gt_25_plants,us_ca_practical;us_ca_distance_cap_150;fixed_coverage_only,3
62785,Malone Solar Site,NY,717120-99999,ST ANICET 1  QUE,CA,,27.436,1,0.963162,-23.620,station_country_not_us;station_state_missing;coverage_below_0_97;shared_station_gt_25_plants,us_ca_practical;us_ca_distance_cap_150;fixed_coverage_only,3
63238,Willis Battery Storage,NY,717120-99999,ST ANICET 1  QUE,CA,,28.577,2,0.963162,-23.620,selected_rank_gt_1;station_country_not_us;station_state_missing;coverage_below_0_97;shared_station_gt_25_plants,us_ca_practical;us_ca_distance_cap_150;fixed_coverage_only,3
63772,Adirondack Solar,NY,716140-99999,STE CLOTHILDE  QUE,CA,,33.354,6,0.956913,-23.080,selected_rank_gt_3;station_country_not_us;station_state_missing;coverage_below_0_97;shared_station_gt_10_plants,us_ca_practical;us_ca_distance_cap_150;fixed_coverage_only,3
65379,OYA State Route 122,NY,717120-99999,ST ANICET 1  QUE,CA,,21.729,1,0.963162,-23.620,station_country_not_us;station_state_missing;coverage_below_0_97;shared_station_gt_25_plants,us_ca_practical;us_ca_distance_cap_150;fixed_coverage_only,3
66529,NY Lancaster Shisler Rd Site 2 Solar CSG,NY,717120-99999,ST ANICET 1  QUE,CA,,72.465,9,0.963162,-23.620,distance_gt_50km;selected_rank_gt_3;station_country_not_us;station_state_missing;coverage_below_0_97;shared_station_gt_25_plants,us_ca_practical;us_ca_distance_cap_150;fixed_coverage_only,3
66530,NY Potsdam 28 Hamilton St. Solar,NY,717120-99999,ST ANICET 1  QUE,CA,,72.465,9,0.963162,-23.620,distance_gt_50km;selected_rank_gt_3;station_country_not_us;station_state_missing;coverage_below_0_97;shared_station_gt_25_plants,us_ca_practical;us_ca_distance_cap_150;fixed_coverage_only,3
67599,NY ALTONA MAYOTT - Environomics P1,NY,716140-99999,STE CLOTHILDE  QUE,CA,,32.750,8,0.956913,-23.080,selected_rank_gt_3;station_country_not_us;station_state_missing;coverage_below_0_97;shared_station_gt_10_plants,us_ca_practical;us_ca_distance_cap_150;fixed_coverage_only,3
67600,NY ALTONA MAYOTT - Environomics P2,NY,716140-99999,STE CLOTHILDE  QUE,CA,,32.750,8,0.956913,-23.080,selected_rank_gt_3;station_country_not_us;station_state_missing;coverage_below_0_97;shared_station_gt_10_plants,us_ca_practical;us_ca_distance_cap_150;fixed_coverage_only,3
67631,County Route 11B,NY,716140-99999,STE CLOTHILDE  QUE,CA,,25.292,5,0.956913,-23.080,selected_rank_gt_3;station_country_not_us;station_state_missing;coverage_below_0_97;shared_station_gt_10_plants,us_ca_practical;us_ca_distance_cap_150;fixed_coverage_only,3
68389,AES Glengarry Farms Solar CSG,NY,717120-99999,ST ANICET 1  QUE,CA,,24.521,2,0.963162,-23.620,selected_rank_gt_1;station_country_not_us;station_state_missing;coverage_below_0_97;shared_station_gt_25_plants,us_ca_practical;us_ca_distance_cap_150;fixed_coverage_only,3
68473,Brookside Solar,NY,717120-99999,ST ANICET 1  QUE,CA,,23.820,2,0.963162,-23.620,selected_rank_gt_1;station_country_not_us;station_state_missing;coverage_below_0_97;shared_station_gt_25_plants,us_ca_practical;us_ca_distance_cap_150;fixed_coverage_only,3
68636,GSPP 409 Ferris Road,NY,717120-99999,ST ANICET 1  QUE,CA,,51.327,2,0.963162,-23.620,distance_gt_50km;selected_rank_gt_1;station_country_not_us;station_state_missing;coverage_below_0_97;shared_station_gt_25_plants,us_ca_practical;us_ca_distance_cap_150;fixed_coverage_only,3
68637,GSPP 641 Ferris Road East,NY,717120-99999,ST ANICET 1  QUE,CA,,49.567,2,0.963162,-23.620,selected_rank_gt_1;station_country_not_us;station_state_missing;coverage_below_0_97;shared_station_gt_25_plants,us_ca_practical;us_ca_distance_cap_150;fixed_coverage_only,3
68638,GSPP 641 Ferris Road West,NY,717120-99999,ST ANICET 1  QUE,CA,,50.154,2,0.963162,-23.620,distance_gt_50km;selected_rank_gt_1;station_country_not_us;station_state_missing;coverage_below_0_97;shared_station_gt_25_plants,us_ca_practical;us_ca_distance_cap_150;fixed_coverage_only,3
299,Blundell,UT,724797-23176,MILFORD MUNI BRISCOE,US,UT,16.344,3,0.951374,-9.940,selected_rank_gt_1;coverage_below_0_97;shared_station_gt_25_plants,us_fixed_gate_only;us_ca_practical;us_ca_distance_cap_150;fixed_coverage_only,4
3643,Upper Beaver,UT,724797-23176,MILFORD MUNI BRISCOE,US,UT,49.617,3,0.951374,-9.940,selected_rank_gt_1;coverage_below_0_97;shared_station_gt_25_plants,us_fixed_gate_only;us_ca_practical;us_ca_distance_cap_150;fixed_coverage_only,4
57079,Milford Wind Corridor I LLC,UT,724797-23176,MILFORD MUNI BRISCOE,US,UT,15.004,3,0.951374,-9.940,selected_rank_gt_1;coverage_below_0_97;shared_station_gt_25_plants,us_fixed_gate_only;us_ca_practical;us_ca_distance_cap_150;fixed_coverage_only,4
57107,Milford Wind Corridor Stage II LLC,UT,724797-23176,MILFORD MUNI BRISCOE,US,UT,20.148,3,0.951374,-9.940,selected_rank_gt_1;coverage_below_0_97;shared_station_gt_25_plants,us_fixed_gate_only;us_ca_practical;us_ca_distance_cap_150;fixed_coverage_only,4
57353,Thermo No 1,UT,724797-23176,MILFORD MUNI BRISCOE,US,UT,32.441,2,0.951374,-9.940,selected_rank_gt_1;coverage_below_0_97;shared_station_gt_25_plants,us_fixed_gate_only;us_ca_practical;us_ca_distance_cap_150;fixed_coverage_only,4
58130,Blue Mountain Biogas,UT,724797-23176,MILFORD MUNI BRISCOE,US,UT,36.453,2,0.951374,-9.940,selected_rank_gt_1;coverage_below_0_97;shared_station_gt_25_plants,us_fixed_gate_only;us_ca_practical;us_ca_distance_cap_150;fixed_coverage_only,4
58570,Cove Fort,UT,724797-23176,MILFORD MUNI BRISCOE,US,UT,41.147,3,0.951374,-9.940,selected_rank_gt_1;coverage_below_0_97;shared_station_gt_25_plants,us_fixed_gate_only;us_ca_practical;us_ca_distance_cap_150;fixed_coverage_only,4
58598,Beryl Solar Plant,UT,724797-23176,MILFORD MUNI BRISCOE,US,UT,102.539,9,0.951374,-9.940,distance_gt_75km;selected_rank_gt_3;coverage_below_0_97;shared_station_gt_25_plants,us_fixed_gate_only;us_ca_distance_cap_150;fixed_coverage_only,3
58599,Cedar Valley Solar Plant,UT,724797-23176,MILFORD MUNI BRISCOE,US,UT,68.043,4,0.951374,-9.940,distance_gt_50km;selected_rank_gt_3;coverage_below_0_97;shared_station_gt_25_plants,us_fixed_gate_only;us_ca_practical;us_ca_distance_cap_150;fixed_coverage_only,4
58600,Buckhorn Solar Plant,UT,724797-23176,MILFORD MUNI BRISCOE,US,UT,50.373,3,0.951374,-9.940,distance_gt_50km;selected_rank_gt_1;coverage_below_0_97;shared_station_gt_25_plants,us_fixed_gate_only;us_ca_practical;us_ca_distance_cap_150;fixed_coverage_only,4
58601,Milford Flat Solar Plant,UT,724797-23176,MILFORD MUNI BRISCOE,US,UT,13.988,2,0.951374,-9.940,selected_rank_gt_1;coverage_below_0_97;shared_station_gt_25_plants,us_fixed_gate_only;us_ca_practical;us_ca_distance_cap_150;fixed_coverage_only,4
58602,Laho Solar Plant,UT,724797-23176,MILFORD MUNI BRISCOE,US,UT,14.061,2,0.951374,-9.940,selected_rank_gt_1;coverage_below_0_97;shared_station_gt_25_plants,us_fixed_gate_only;us_ca_practical;us_ca_distance_cap_150;fixed_coverage_only,4
58603,Greenville Solar Plant,UT,724797-23176,MILFORD MUNI BRISCOE,US,UT,30.355,3,0.951374,-9.940,selected_rank_gt_1;coverage_below_0_97;shared_station_gt_25_plants,us_fixed_gate_only;us_ca_practical;us_ca_distance_cap_150;fixed_coverage_only,4
58604,Granite Peak Solar Plant,UT,724797-23176,MILFORD MUNI BRISCOE,US,UT,2.915,2,0.951374,-9.940,selected_rank_gt_1;coverage_below_0_97;shared_station_gt_25_plants,us_fixed_gate_only;us_ca_practical;us_ca_distance_cap_150;fixed_coverage_only,4
58660,Utah Red Hills Renewable Energy Park,UT,724797-23176,MILFORD MUNI BRISCOE,US,UT,60.217,4,0.951374,-9.940,distance_gt_50km;selected_rank_gt_3;coverage_below_0_97;shared_station_gt_25_plants,us_fixed_gate_only;us_ca_practical;us_ca_distance_cap_150;fixed_coverage_only,4
59386,"Enterprise Solar, LLC",UT,724797-23176,MILFORD MUNI BRISCOE,US,UT,100.816,9,0.951374,-9.940,distance_gt_75km;selected_rank_gt_3;coverage_below_0_97;shared_station_gt_25_plants,us_fixed_gate_only;us_ca_distance_cap_150;fixed_coverage_only,3
59387,"Escalante Solar I, LLC",UT,724797-23176,MILFORD MUNI BRISCOE,US,UT,12.007,3,0.951374,-9.940,selected_rank_gt_1;coverage_below_0_97;shared_station_gt_25_plants,us_fixed_gate_only;us_ca_practical;us_ca_distance_cap_150;fixed_coverage_only,4
59388,"Escalante Solar II, LLC",UT,724797-23176,MILFORD MUNI BRISCOE,US,UT,9.390,3,0.951374,-9.940,selected_rank_gt_1;coverage_below_0_97;shared_station_gt_25_plants,us_fixed_gate_only;us_ca_practical;us_ca_distance_cap_150;fixed_coverage_only,4
59389,"Escalante Solar III, LLC",UT,724797-23176,MILFORD MUNI BRISCOE,US,UT,9.356,3,0.951374,-9.940,selected_rank_gt_1;coverage_below_0_97;shared_station_gt_25_plants,us_fixed_gate_only;us_ca_practical;us_ca_distance_cap_150;fixed_coverage_only,4
59620,South Milford Solar Plant,UT,724797-23176,MILFORD MUNI BRISCOE,US,UT,12.199,2,0.951374,-9.940,selected_rank_gt_1;coverage_below_0_97;shared_station_gt_25_plants,us_fixed_gate_only;us_ca_practical;us_ca_distance_cap_150;fixed_coverage_only,4
59702,"Pavant Solar, LLC",UT,724797-23176,MILFORD MUNI BRISCOE,US,UT,82.897,7,0.951374,-9.940,distance_gt_75km;selected_rank_gt_3;coverage_below_0_97;shared_station_gt_25_plants,us_fixed_gate_only;us_ca_distance_cap_150;fixed_coverage_only,3
59786,Fiddler's Canyon #2,UT,724797-23176,MILFORD MUNI BRISCOE,US,UT,73.027,5,0.951374,-9.940,distance_gt_50km;selected_rank_gt_3;coverage_below_0_97;shared_station_gt_25_plants,us_fixed_gate_only;us_ca_practical;us_ca_distance_cap_150;fixed_coverage_only,4
59787,Fiddler's Canyon #1,UT,724797-23176,MILFORD MUNI BRISCOE,US,UT,76.978,5,0.951374,-9.940,distance_gt_75km;selected_rank_gt_3;coverage_below_0_97;shared_station_gt_25_plants,us_fixed_gate_only;us_ca_distance_cap_150;fixed_coverage_only,3
59883,Thermo Solar PV-01,UT,724797-23176,MILFORD MUNI BRISCOE,US,UT,32.495,2,0.951374,-9.940,selected_rank_gt_1;coverage_below_0_97;shared_station_gt_25_plants,us_fixed_gate_only;us_ca_practical;us_ca_distance_cap_150;fixed_coverage_only,4
59932,Fiddler's Canyon 3,UT,724797-23176,MILFORD MUNI BRISCOE,US,UT,78.219,6,0.951374,-9.940,distance_gt_75km;selected_rank_gt_3;coverage_below_0_97;shared_station_gt_25_plants,us_fixed_gate_only;us_ca_distance_cap_150;fixed_coverage_only,3
59941,"Iron Springs Solar, LLC",UT,724797-23176,MILFORD MUNI BRISCOE,US,UT,78.262,5,0.951374,-9.940,distance_gt_75km;selected_rank_gt_3;coverage_below_0_97;shared_station_gt_25_plants,us_fixed_gate_only;us_ca_distance_cap_150;fixed_coverage_only,3
59945,"Granite Mountain Solar West, LLC",UT,724797-23176,MILFORD MUNI BRISCOE,US,UT,73.728,5,0.951374,-9.940,distance_gt_50km;selected_rank_gt_3;coverage_below_0_97;shared_station_gt_25_plants,us_fixed_gate_only;us_ca_practical;us_ca_distance_cap_150;fixed_coverage_only,4
59946,"Granite Mountain Solar East, LLC",UT,724797-23176,MILFORD MUNI BRISCOE,US,UT,73.692,5,0.951374,-9.940,distance_gt_50km;selected_rank_gt_3;coverage_below_0_97;shared_station_gt_25_plants,us_fixed_gate_only;us_ca_practical;us_ca_distance_cap_150;fixed_coverage_only,4
59958,Milford 2,UT,724797-23176,MILFORD MUNI BRISCOE,US,UT,3.928,2,0.951374,-9.940,selected_rank_gt_1;coverage_below_0_97;shared_station_gt_25_plants,us_fixed_gate_only;us_ca_practical;us_ca_distance_cap_150;fixed_coverage_only,4
60421,Veyo Heat Recovery Project,UT,724797-23176,MILFORD MUNI BRISCOE,US,UT,135.789,10,0.951374,-9.940,distance_gt_75km;selected_rank_gt_3;coverage_below_0_97;shared_station_gt_25_plants,us_fixed_gate_only;us_ca_distance_cap_150;fixed_coverage_only,3
60432,Three Peaks Power,UT,724797-23176,MILFORD MUNI BRISCOE,US,UT,66.432,4,0.951374,-9.940,distance_gt_50km;selected_rank_gt_3;coverage_below_0_97;shared_station_gt_25_plants,us_fixed_gate_only;us_ca_practical;us_ca_distance_cap_150;fixed_coverage_only,4
60449,Pavant Solar II LLC,UT,724797-23176,MILFORD MUNI BRISCOE,US,UT,101.410,7,0.951374,-9.940,distance_gt_75km;selected_rank_gt_3;coverage_below_0_97;shared_station_gt_25_plants,us_fixed_gate_only;us_ca_distance_cap_150;fixed_coverage_only,3
60886,Pavant Solar III,UT,724797-23176,MILFORD MUNI BRISCOE,US,UT,99.844,7,0.951374,-9.940,distance_gt_75km;selected_rank_gt_3;coverage_below_0_97;shared_station_gt_25_plants,us_fixed_gate_only;us_ca_distance_cap_150;fixed_coverage_only,3
61119,Quichapa 1,UT,724797-23176,MILFORD MUNI BRISCOE,US,UT,86.165,8,0.951374,-9.940,distance_gt_75km;selected_rank_gt_3;coverage_below_0_97;shared_station_gt_25_plants,us_fixed_gate_only;us_ca_distance_cap_150;fixed_coverage_only,3
61120,Quichapa 2,UT,724797-23176,MILFORD MUNI BRISCOE,US,UT,84.770,8,0.951374,-9.940,distance_gt_75km;selected_rank_gt_3;coverage_below_0_97;shared_station_gt_25_plants,us_fixed_gate_only;us_ca_distance_cap_150;fixed_coverage_only,3
61121,Quichapa 3,UT,724797-23176,MILFORD MUNI BRISCOE,US,UT,87.455,8,0.951374,-9.940,distance_gt_75km;selected_rank_gt_3;coverage_below_0_97;shared_station_gt_25_plants,us_fixed_gate_only;us_ca_distance_cap_150;fixed_coverage_only,3
62469,Cove Mountain Solar,UT,724797-23176,MILFORD MUNI BRISCOE,US,UT,102.836,9,0.951374,-9.940,distance_gt_75km;selected_rank_gt_3;coverage_below_0_97;shared_station_gt_25_plants,us_fixed_gate_only;us_ca_distance_cap_150;fixed_coverage_only,3
62470,Cove Mountain Solar 2,UT,724797-23176,MILFORD MUNI BRISCOE,US,UT,102.184,9,0.951374,-9.940,distance_gt_75km;selected_rank_gt_3;coverage_below_0_97;shared_station_gt_25_plants,us_fixed_gate_only;us_ca_distance_cap_150;fixed_coverage_only,3
62666,Sigurd Solar LLC,UT,724797-23176,MILFORD MUNI BRISCOE,US,UT,100.237,8,0.951374,-9.940,distance_gt_75km;selected_rank_gt_3;coverage_below_0_97;shared_station_gt_25_plants,us_fixed_gate_only;us_ca_distance_cap_150;fixed_coverage_only,3
62812,Milford Solar 1,UT,724797-23176,MILFORD MUNI BRISCOE,US,UT,8.192,3,0.951374,-9.940,selected_rank_gt_1;coverage_below_0_97;shared_station_gt_25_plants,us_fixed_gate_only;us_ca_practical;us_ca_distance_cap_150;fixed_coverage_only,4
65678,Appaloosa Solar I,UT,724797-23176,MILFORD MUNI BRISCOE,US,UT,64.980,4,0.951374,-9.940,distance_gt_50km;selected_rank_gt_3;coverage_below_0_97;shared_station_gt_25_plants,us_fixed_gate_only;us_ca_practical;us_ca_distance_cap_150;fixed_coverage_only,4
65823,Parowan Solar,UT,724797-23176,MILFORD MUNI BRISCOE,US,UT,61.219,4,0.951374,-9.940,distance_gt_50km;selected_rank_gt_3;coverage_below_0_97;shared_station_gt_25_plants,us_fixed_gate_only;us_ca_practical;us_ca_distance_cap_150;fixed_coverage_only,4
66144,Smithfield 1,UT,724797-23176,MILFORD MUNI BRISCOE,US,UT,3.760,2,0.951374,-9.940,selected_rank_gt_1;coverage_below_0_97;shared_station_gt_25_plants,us_fixed_gate_only;us_ca_practical;us_ca_distance_cap_150;fixed_coverage_only,4
66147,Smithfield 3,UT,724797-23176,MILFORD MUNI BRISCOE,US,UT,22.752,2,0.951374,-9.940,selected_rank_gt_1;coverage_below_0_97;shared_station_gt_25_plants,us_fixed_gate_only;us_ca_practical;us_ca_distance_cap_150;fixed_coverage_only,4
66684,Intermountain Pumped Storage Project,UT,724797-23176,MILFORD MUNI BRISCOE,US,UT,121.640,10,0.951374,-9.940,distance_gt_75km;selected_rank_gt_3;coverage_below_0_97;shared_station_gt_25_plants,us_fixed_gate_only;us_ca_distance_cap_150;fixed_coverage_only,3
68044,Rodatherm Milford 1,UT,724797-23176,MILFORD MUNI BRISCOE,US,UT,17.652,3,0.951374,-9.940,selected_rank_gt_1;coverage_below_0_97;shared_station_gt_25_plants,us_fixed_gate_only;us_ca_practical;us_ca_distance_cap_150;fixed_coverage_only,4
68068,Cape Generating Station,UT,724797-23176,MILFORD MUNI BRISCOE,US,UT,12.808,3,0.951374,-9.940,selected_rank_gt_1;coverage_below_0_97;shared_station_gt_25_plants,us_fixed_gate_only;us_ca_practical;us_ca_distance_cap_150;fixed_coverage_only,4
68153,Fremont Solar,UT,724797-23176,MILFORD MUNI BRISCOE,US,UT,53.070,3,0.951374,-9.940,distance_gt_50km;selected_rank_gt_1;coverage_below_0_97;shared_station_gt_25_plants,us_fixed_gate_only;us_ca_practical;us_ca_distance_cap_150;fixed_coverage_only,4
68371,Red Butte Solar and Storage,UT,724797-23176,MILFORD MUNI BRISCOE,US,UT,104.888,9,0.951374,-9.940,distance_gt_75km;selected_rank_gt_3;coverage_below_0_97;shared_station_gt_25_plants,us_fixed_gate_only;us_ca_distance_cap_150;fixed_coverage_only,3
69041,Iron Springs BESS,UT,724797-23176,MILFORD MUNI BRISCOE,US,UT,77.386,5,0.951374,-9.940,distance_gt_75km;selected_rank_gt_3;coverage_below_0_97;shared_station_gt_25_plants,us_fixed_gate_only;us_ca_distance_cap_150;fixed_coverage_only,3
10494,Sheldon Springs Hydroelectric,VT,713720-99999,L'ACADIE  QUE,CA,,50.087,8,0.959665,-21.080,distance_gt_50km;selected_rank_gt_3;station_country_not_us;station_state_missing;coverage_below_0_97,us_ca_practical;us_ca_distance_cap_150;fixed_coverage_only,3
3730,Newport Diesels,VT,716110-99999,LENOXVILLE  QUE,CA,,55.545,9,0.957428,-24.160,distance_gt_50km;selected_rank_gt_3;station_country_not_us;station_state_missing;coverage_below_0_97,us_ca_practical;us_ca_distance_cap_150;fixed_coverage_only,3
3731,Newport,VT,716110-99999,LENOXVILLE  QUE,CA,,55.589,9,0.957428,-24.160,distance_gt_50km;selected_rank_gt_3;station_country_not_us;station_state_missing;coverage_below_0_97,us_ca_practical;us_ca_distance_cap_150;fixed_coverage_only,3
3750,Canaan,VT,716110-99999,LENOXVILLE  QUE,CA,,46.662,1,0.957428,-24.160,station_country_not_us;station_state_missing;coverage_below_0_97,us_ca_practical;us_ca_distance_cap_150;fixed_coverage_only,3
3753,West Charleston,VT,716110-99999,LENOXVILLE  QUE,CA,,56.515,9,0.957428,-24.160,distance_gt_50km;selected_rank_gt_3;station_country_not_us;station_state_missing;coverage_below_0_97,us_ca_practical;us_ca_distance_cap_150;fixed_coverage_only,3
58824,Sheldon Solar,VT,713720-99999,L'ACADIE  QUE,CA,,49.853,8,0.959665,-21.080,selected_rank_gt_3;station_country_not_us;station_state_missing;coverage_below_0_97,us_ca_practical;us_ca_distance_cap_150;fixed_coverage_only,3
59445,St. Albans SPEED Project,VT,713720-99999,L'ACADIE  QUE,CA,,58.319,10,0.959665,-21.080,distance_gt_50km;selected_rank_gt_3;station_country_not_us;station_state_missing;coverage_below_0_97,us_ca_practical;us_ca_distance_cap_150;fixed_coverage_only,3
60860,VEC Alburgh Array,VT,713720-99999,L'ACADIE  QUE,CA,,35.954,5,0.959665,-21.080,selected_rank_gt_3;station_country_not_us;station_state_missing;coverage_below_0_97,us_ca_practical;us_ca_distance_cap_150;fixed_coverage_only,3
63203,VPPSA Project 10,VT,713720-99999,L'ACADIE  QUE,CA,,44.651,7,0.959665,-21.080,selected_rank_gt_3;station_country_not_us;station_state_missing;coverage_below_0_97,us_ca_practical;us_ca_distance_cap_150;fixed_coverage_only,3
6618,Highgate Falls,VT,713720-99999,L'ACADIE  QUE,CA,,44.707,4,0.959665,-21.080,selected_rank_gt_3;station_country_not_us;station_state_missing;coverage_below_0_97,us_ca_practical;us_ca_distance_cap_150;fixed_coverage_only,3
3855,Lower Baker,WA,711080-99999,ABBOTSFORD,CA,,69.958,7,0.976406,10.400,distance_gt_50km;selected_rank_gt_3;station_country_not_us;station_state_missing,us_ca_practical;us_ca_distance_cap_150;fixed_coverage_only,3
3861,Upper Baker,WA,711080-99999,ABBOTSFORD,CA,,64.568,7,0.976406,10.400,distance_gt_50km;selected_rank_gt_3;station_country_not_us;station_state_missing,us_ca_practical;us_ca_distance_cap_150;fixed_coverage_only,3
3886,Wells,WA,712150-99999,OSOYOOS CS  BC,CA,,124.900,9,0.959647,-3.421,distance_gt_75km;selected_rank_gt_3;station_country_not_us;station_state_missing;coverage_below_0_97,us_ca_distance_cap_150;fixed_coverage_only,2
3891,Box Canyon,WA,717700-99999,CRESTON CAMPBELL SCIENTIFIC  BC,CA,,75.027,4,0.968222,-5.080,distance_gt_75km;selected_rank_gt_3;station_country_not_us;station_state_missing;coverage_below_0_97,us_ca_distance_cap_150;fixed_coverage_only,2
3921,Chief Joseph,WA,712150-99999,OSOYOOS CS  BC,CA,,116.416,7,0.959647,-3.421,distance_gt_75km;selected_rank_gt_3;station_country_not_us;station_state_missing;coverage_below_0_97,us_ca_distance_cap_150;fixed_coverage_only,2
50091,Sheep Creek Hydro,WA,717760-99999,NELSON  BC,CA,,69.549,4,0.964991,-3.100,distance_gt_50km;selected_rank_gt_3;station_country_not_us;station_state_missing;coverage_below_0_97,us_ca_practical;us_ca_distance_cap_150;fixed_coverage_only,3
54050,Glines Hydroelectric Project,WA,712000-99999,VICTORIA GONZALES CS  BC,CA,,48.960,8,0.964618,3.920,selected_rank_gt_3;station_country_not_us;station_state_missing;coverage_below_0_97,us_ca_practical;us_ca_distance_cap_150;fixed_coverage_only,3
54051,Elwha Hydroelectric Project,WA,712000-99999,VICTORIA GONZALES CS  BC,CA,,38.312,6,0.964618,3.920,selected_rank_gt_3;station_country_not_us;station_state_missing;coverage_below_0_97,us_ca_practical;us_ca_distance_cap_150;fixed_coverage_only,3
54267,Koma Kulshan,WA,711080-99999,ABBOTSFORD,CA,,60.505,5,0.976406,10.400,distance_gt_50km;selected_rank_gt_3;station_country_not_us;station_state_missing,us_ca_practical;us_ca_distance_cap_150;fixed_coverage_only,3
54476,Sumas Power Plant,WA,711080-99999,ABBOTSFORD,CA,,7.584,1,0.976406,10.400,station_country_not_us;station_state_missing,us_ca_core;us_ca_practical;us_ca_distance_cap_150;fixed_coverage_only,4
54537,Ferndale Generating Station,WA,711080-99999,ABBOTSFORD,CA,,32.075,7,0.976406,10.400,selected_rank_gt_3;station_country_not_us;station_state_missing,us_ca_practical;us_ca_distance_cap_150;fixed_coverage_only,3
550,Kettle Falls Generating Station,WA,712150-99999,OSOYOOS CS  BC,CA,,107.097,9,0.959647,-3.421,distance_gt_75km;selected_rank_gt_3;station_country_not_us;station_state_missing;coverage_below_0_97,us_ca_distance_cap_150;fixed_coverage_only,2
58352,McKinley Paper Co. - Washington Mill,WA,712000-99999,VICTORIA GONZALES CS  BC,CA,,31.480,6,0.964618,3.920,selected_rank_gt_3;station_country_not_us;station_state_missing;coverage_below_0_97,us_ca_practical;us_ca_distance_cap_150;fixed_coverage_only,3
58696,Nooksack Hydro,WA,711080-99999,ABBOTSFORD,CA,,42.132,2,0.976406,10.400,selected_rank_gt_1;station_country_not_us;station_state_missing,us_ca_core;us_ca_practical;us_ca_distance_cap_150;fixed_coverage_only,4
60444,Glacier Battery Storage,WA,711080-99999,ABBOTSFORD,CA,,34.030,1,0.976406,10.400,station_country_not_us;station_state_missing,us_ca_core;us_ca_practical;us_ca_distance_cap_150;fixed_coverage_only,4
6120,Whitehorn,WA,711080-99999,ABBOTSFORD,CA,,32.332,8,0.976406,10.400,selected_rank_gt_3;station_country_not_us;station_state_missing,us_ca_practical;us_ca_distance_cap_150;fixed_coverage_only,3
6202,Ross,WA,711140-99999,HOPE (AUT)  BC,CA,,76.758,2,0.960339,-4.000,distance_gt_75km;selected_rank_gt_1;station_country_not_us;station_state_missing;coverage_below_0_97,us_ca_distance_cap_150;fixed_coverage_only,2
6431,Gorge,WA,711140-99999,HOPE (AUT)  BC,CA,,77.026,3,0.960339,-4.000,distance_gt_75km;selected_rank_gt_1;station_country_not_us;station_state_missing;coverage_below_0_97,us_ca_distance_cap_150;fixed_coverage_only,2
6432,Diablo,WA,711140-99999,HOPE (AUT)  BC,CA,,77.008,3,0.960339,-4.000,distance_gt_75km;selected_rank_gt_1;station_country_not_us;station_state_missing;coverage_below_0_97,us_ca_distance_cap_150;fixed_coverage_only,2
6433,Boundary,WA,717760-99999,NELSON  BC,CA,,55.250,3,0.964991,-3.100,distance_gt_50km;selected_rank_gt_1;station_country_not_us;station_state_missing;coverage_below_0_97,us_ca_practical;us_ca_distance_cap_150;fixed_coverage_only,3
773,Sullivan CR,WA,717700-99999,CRESTON CAMPBELL SCIENTIFIC  BC,CA,,66.355,4,0.968222,-5.080,distance_gt_50km;selected_rank_gt_3;station_country_not_us;station_state_missing;coverage_below_0_97,us_ca_practical;us_ca_distance_cap_150;fixed_coverage_only,3
7870,Encogen,WA,711080-99999,ABBOTSFORD,CA,,32.301,8,0.976406,10.400,selected_rank_gt_3;station_country_not_us;station_state_missing,us_ca_practical;us_ca_distance_cap_150;fixed_coverage_only,3
9842,Newhalem,WA,711140-99999,HOPE (AUT)  BC,CA,,78.845,3,0.960339,-4.000,distance_gt_75km;selected_rank_gt_1;station_country_not_us;station_state_missing;coverage_below_0_97,us_ca_distance_cap_150;fixed_coverage_only,2
